Price,Close,High,Low,Open,Volume
Ticker,ICLN,ICLN,ICLN,ICLN,ICLN
Date,,,,,
2015-01-02,7.955816745758057,8.02925517868929,7.866059093386727,8.02925517868929,52200
2015-01-05,7.784464359283447,7.9966197600412325,7.72734589684123,7.9966197600412325,34500
2015-01-06,7.768144607543945,7.866062298624672,7.711025370778046,7.8334230682644295,18100
2015-01-07,7.841582298278809,7.890541532947324,7.76814461354699,7.76814461354699,221700
2015-01-08,8.029253959655762,8.037413957227086,7.890537113664051,7.890537113664051,61900
2015-01-09,8.004776000976562,8.045574438873576,7.955816786047697,7.980296004421969,15700
2015-01-12,7.866061687469482,8.004778600268033,7.80078323182082,7.98845859726558,29800
2015-01-13,7.890540599822998,8.021097505925379,7.8089421444187375,7.947659051697654,32100
2015-01-14,7.906859874725342,7.939499101460348,7.784462969014205,7.833422198206989,16700
2015-01-15,7.800782203674316,7.9231790973384495,7.784462202822847,7.898699874241717,21800
2015-01-16,7.866061687469482,7.88238091229136,7.727344774670932,7.727344774670932,21400
2015-01-20,7.825260639190674,7.866059859032601,7.776301419744282,7.784461419348746,41000
2015-01-21,7.923178195953369,7.9476574162652085,7.80078131621379,7.80078131621379,30900
2015-01-22,7.955816745758057,7.996615961628778,7.882378312826824,7.931337527507752,74400
2015-01-23,7.98845911026001,8.012938338155095,7.963979882364924,7.980299108234774,13200
2015-01-26,8.257731437683105,8.257731437683105,8.070056094594628,8.070056094594628,15700
2015-01-27,8.29853343963623,8.331172674496736,8.176136503454519,8.176136503454519,61500
2015-01-28,8.135334014892578,8.249570902171074,8.135334014892578,8.249570902171074,19800
2015-01-29,8.192453384399414,8.241412611752189,8.159814158891072,8.159814158891072,9000
2015-01-30,8.143494606018066,8.18429383469799,8.08637615277451,8.159814608762261,40900
2015-02-02,8.323010444641113,8.331170445718438,8.151654312919948,8.151654312919948,16100
2015-02-03,8.559645652770996,8.567805654443331,8.404609511899576,8.404609511899576,30400
2015-02-04,8.518845558166504,8.600444010248728,8.518845558166504,8.559644784207617,17800
2015-02-05,8.59228229522705,8.60044229444344,8.527003857856654,8.551483077325464,6300
2015-02-06,8.486204147338867,8.584122575890744,8.461724929291053,8.518843364129388,161900
2015-02-09,8.502525329589844,8.52700455104866,8.404607665574158,8.518844551168915,73100
2015-02-10,8.559645652770996,8.600444882952083,8.53516642593458,8.600444882952083,9400
2015-02-11,8.527005195617676,8.575964420416629,8.469886748502628,8.51068597280501,14300
2015-02-12,8.682044982910156,8.698364211156107,8.559647269252206,8.600446507138189,17500
2015-02-13,8.722841262817383,8.739161265165778,8.633083584442842,8.633083584442842,152900
2015-02-17,8.714679718017578,8.730998937837587,8.641241283376704,8.730998937837587,31000
2015-02-18,8.682044982910156,8.731003445828748,8.673884979696812,8.731003445828748,8400
2015-02-19,8.608601570129395,8.698359219424704,8.584122352718,8.698359219424704,14700
2015-02-20,8.657561302185059,8.706520522524098,8.567803639440628,8.624922081352501,11900
2015-02-23,8.66572380065918,8.690203028796967,8.616765344383605,8.690203028796967,47900
2015-02-24,8.698360443115234,8.886036544819094,8.698360443115234,8.714680442472265,203600
2015-02-25,8.877876281738281,8.910515501303554,8.788118622478876,8.788118622478876,21600
2015-02-26,8.877876281738281,8.926834721996002,8.85339706160942,8.926834721996002,77000
2015-02-27,8.918675422668457,8.926834643853068,8.85339698410934,8.910515423303474,19000
2015-03-02,9.057394027709961,9.057394027709961,8.959475573003669,9.000274799434537,52000
2015-03-03,9.163470268249512,9.171630268585197,9.13899104542292,9.13899104542292,117400
2015-03-04,9.416424751281738,9.424584751548002,9.351146305512543,9.359306305778807,78800
2015-03-05,9.8570556640625,9.873375666275113,9.734658760190051,9.873375666275113,337000
2015-03-06,9.546982765197754,9.726498901257834,9.546982765197754,9.726498901257834,47800
2015-03-09,9.440903663635254,9.55514132906728,9.408264441823308,9.55514132906728,78500
2015-03-10,9.212430953979492,9.342987867346336,9.212430953979492,9.245070182321204,153600
2015-03-11,9.31850814819336,9.326668149392715,9.220590468342742,9.220590468342742,50100
2015-03-12,9.391944885253906,9.440903327136603,9.351145664898057,9.440903327136603,44400
2015-03-13,9.245068550109863,9.310346995268414,9.22058932772052,9.310346995268414,45600
2015-03-16,9.359304428100586,9.383783645807862,9.310345214505734,9.383783645807862,15400
2015-03-17,9.416424751281738,9.424584751548002,9.29402786000961,9.34298630524628,57100
2015-03-18,9.514342308044434,9.62041997571699,9.342986195370372,9.342986195370372,25100
2015-03-19,9.465383529663086,9.563301193713066,9.465383529663086,9.563301193713066,37500
2015-03-20,9.628578186035156,9.68569662024864,9.522500538081326,9.522500538081326,53000
2015-03-23,9.644898414611816,9.710176854310886,9.636739193284722,9.68569763396883,36100
2015-03-24,9.734657287597656,9.767296508904908,9.71833728785382,9.767296508904908,37800
2015-03-25,9.579621315002441,9.791776662792941,9.579621315002441,9.791776662792941,90200
2015-03-26,9.465383529663086,9.612259636647845,9.44906352989788,9.612259636647845,32300
2015-03-27,9.489864349365234,9.571462027392274,9.473544346851495,9.481704348108366,14700
2015-03-30,9.702019691467285,9.71833891576432,9.604102011143427,9.636741237918047,70200
2015-03-31,9.677536010742188,9.73465521953057,9.653056794507313,9.702016005157317,53700
2015-04-01,9.816253662109375,9.889692094947401,9.718336011052111,9.718336011052111,118300
2015-04-02,9.881535530090332,9.954973988449035,9.799937848276675,9.799937848276675,235100
2015-04-06,9.946812629699707,10.06105030246928,9.946812629699707,9.946812629699707,41000
2015-04-07,9.979451179504395,10.06104962285368,9.97129195771381,10.028410401150051,57500
2015-04-08,10.101846694946289,10.183444342751901,10.069207480187991,10.069207480187991,37100
2015-04-09,10.33032512664795,10.33032512664795,10.199768217966863,10.305845900815386,66400
2015-04-10,10.281365394592285,10.297684617054827,10.224246170522237,10.281365394592285,30900
2015-04-13,10.322162628173828,10.362961846811665,10.314003406990558,10.346642626264753,128900
2015-04-14,10.281365394592285,10.362963063265914,10.248726171486743,10.362963063265914,46700
2015-04-15,10.403763771057129,10.4200837740286,10.273206860007656,10.273206860007656,45000
2015-04-16,10.4608793258667,10.501678543807312,10.354801670493249,10.469039325090893,79500
2015-04-17,10.289523124694824,10.29768312383308,10.199765468715057,10.29768312383308,106400
2015-04-20,10.175287246704102,10.28952413311401,10.150807246890185,10.281364911356464,90900
2015-04-21,10.240565299987793,10.314003740272883,10.240565299987793,10.314003740272883,69400
2015-04-22,10.387441635131836,10.403761634752163,10.322163193011352,10.379282413502086,55800
2015-04-23,10.501679420471191,10.517999420281948,10.40376175614792,10.4119217560533,42100
2015-04-24,10.436403274536133,10.493521730084131,10.379284818988134,10.493521730084131,31600
2015-04-27,10.420083999633789,10.509841683378502,10.403763996308975,10.501681681716095,41300
2015-04-28,10.624077796936035,10.624077796936035,10.346644006992504,10.420082454704671,142200
2015-04-29,10.297686576843262,10.420084270418327,10.297686576843262,10.420084270418327,129000
2015-04-30,10.191604614257812,10.387439908058601,10.175285395531223,10.387439908058601,68100
2015-05-01,10.281365394592285,10.387442286049957,10.207926948059697,10.387442286049957,50800
2015-05-04,10.33032512664795,10.346645129323365,10.265046672307406,10.338485127985658,32100
2015-05-05,10.240565299987793,10.33848296097445,10.216086079286228,10.33848296097445,163500
2015-05-06,10.158968925476074,10.314005837193836,10.158968925476074,10.216088156299723,174700
2015-05-07,10.248727798461914,10.248727798461914,9.987613193985423,10.150809335420364,67100
2015-05-08,10.436403274536133,10.436403274536133,10.289526356634887,10.379284818988134,23000
2015-05-11,10.314004898071289,10.485361018578613,10.314004898071289,10.485361018578613,85800
2015-05-12,10.289523124694824,10.436399996462033,10.289523124694824,10.436399996462033,502600
2015-05-13,10.411922454833984,10.460880901191182,10.338484007117714,10.420082455287009,176400
2015-05-14,10.45272159576416,10.493520041343771,10.420082372392192,10.493520041343771,111900
2015-05-15,10.501679420471191,10.526158642006903,10.452720977399768,10.50983942037657,58300
2015-05-18,10.493518829345703,10.648555706091194,10.436400389587035,10.648555706091194,76600
2015-05-19,10.362961769104004,10.534317863553692,10.362961769104004,10.534317863553692,65000
2015-05-20,10.09368896484375,10.240565853350622,10.036570520726826,10.224245853214109,99100
2015-05-21,10.020252227783203,10.18344836605057,9.987613000129729,10.00393300304675,59900
2015-05-22,10.085528373718262,10.19160603384766,10.07736915230861,10.093688373308307,47800
2015-05-26,10.012092590332031,10.167128720727462,9.954973360665893,10.167128720727462,66500
2015-05-27,10.069210052490234,10.10184927558662,9.922333159466277,10.10184927558662,69100
2015-05-28,9.816253662109375,10.044728959423306,9.791774443890137,9.963130527785427,56900
2015-05-29,9.914175033569336,10.069211956224542,9.83257734949135,9.922335035431317,46100
2015-06-01,9.750977516174316,9.89785441631558,9.710178290781688,9.89785441631558,72100
2015-06-02,9.775457382202148,9.79177738470332,9.644900474914992,9.783617383452734,66000
2015-06-03,9.799935340881348,9.83257456089191,9.718336901764745,9.783615341785872,73000
2015-06-04,9.661218643188477,9.791775525688797,9.628579422563398,9.742816305660975,24800
2015-06-05,9.60410213470459,9.62042135921158,9.522503677627967,9.571462129329493,34300
2015-06-08,9.538823127746582,9.693860044222978,9.498024676423867,9.693860044222978,108100
2015-06-09,9.416424751281738,9.538821642553867,9.38378552839714,9.514342419935533,624600
2015-06-10,9.563302040100098,9.563302040100098,9.473543589808353,9.530662815861415,61600
2015-06-11,9.571460723876953,9.620419946569974,9.546981501620666,9.546981501620666,23100
2015-06-12,9.538823127746582,9.5714623557131,9.4490654453838,9.5714623557131,25700
2015-06-15,9.424585342407227,9.449064566560246,9.310347666058957,9.400106118254206,33900
2015-06-16,9.473544120788574,9.473544120788574,9.449064895782653,9.465384897906956,30100
2015-06-17,9.514342308044434,9.555141530715487,9.424584640712476,9.46538386338353,37300
2015-06-18,9.612260818481445,9.653060044730333,9.522503143278305,9.555142368641313,45300
2015-06-19,9.489864349365234,9.571462027392274,9.465385123775178,9.555142803059086,19700
2015-06-22,9.60410213470459,9.636741361899128,9.498024451777203,9.498024451777203,38900
2015-06-23,9.677536010742188,9.685696008880564,9.595938363899185,9.604098362037561,20300
2015-06-24,9.575007438659668,9.707304480045577,9.575007438659668,9.699035717820816,52500
2015-06-25,9.475785255432129,9.599813542418019,9.467516492685704,9.599813542418019,58700
2015-06-26,9.376561164855957,9.517126957797025,9.368292403258833,9.517126957797025,49500
2015-06-29,9.087162017822266,9.277339616916688,9.06235651830651,9.260802091537776,132100
2015-06-30,9.194653511047363,9.25253327241531,9.128504987040394,9.25253327241531,50000
2015-07-01,9.178118705749512,9.326952521809222,9.145044436785934,9.326952521809222,25600
2015-07-02,9.16984748840332,9.235996008635508,9.120235703952899,9.194652986352251,19900
2015-07-06,8.797764778137207,8.913524332598376,8.72334747109627,8.913524332598376,298700
2015-07-07,8.690271377563477,8.723345641695246,8.508362530562415,8.682002614392369,98400
2015-07-08,8.326452255249023,8.557972853009225,8.326452255249023,8.541435329503845,103100
2015-07-09,8.756418228149414,8.830835505326153,8.682000950972677,8.6985384741464,60400
2015-07-10,9.029281616210938,9.029281616210938,8.938327598730522,9.029281616210938,71600
2015-07-13,9.136774063110352,9.186385063541147,9.062356773911524,9.186385063541147,96400
2015-07-14,9.153311729431152,9.178118020716934,9.087163196441164,9.087163196441164,10000
2015-07-15,8.89698600769043,9.128505863955398,8.89698600769043,9.12023710052205,106600
2015-07-16,9.087162017822266,9.120236280027477,9.037551018790756,9.037551018790756,43100
2015-07-17,8.971402168273926,9.211190757683651,8.954864643496146,9.211190757683651,23000
2015-07-20,8.987936973571777,9.087159735264143,8.97966821295931,9.07062300259162,41800
2015-07-21,9.012744903564453,9.0954309549395,8.99620816642102,9.0954309549395,50100
2015-07-22,8.87217903137207,9.029282370247344,8.87217903137207,9.029282370247344,22100
2015-07-23,8.83083438873291,8.938325910113084,8.797760135119963,8.90525165650014,112100
2015-07-24,8.764689445495605,8.839105954970437,8.715077650626323,8.839105954970437,10300
2015-07-27,8.607583999633789,8.65719578248049,8.458749439646219,8.65719578248049,45300
2015-07-28,8.715075492858887,8.739880989875566,8.607583954383236,8.739880989875566,21500
2015-07-29,8.905255317687988,8.921792057016951,8.682003422601497,8.715077689812155,113200
2015-07-30,8.706807136535645,8.77295565736278,8.615853117536474,8.77295565736278,63700
2015-07-31,8.682001113891602,8.797761412622396,8.66546359040755,8.706806610565156,36200
2015-08-03,8.6654634475708,8.789492505999196,8.599314931829994,8.682000970782257,27800
2015-08-04,8.591048240661621,8.706807766204454,8.591048240661621,8.66546474055946,49000
2015-08-05,8.797764778137207,8.830839049205087,8.665466905312861,8.69027320002839,101400
2015-08-06,8.657196998596191,8.830837080122853,8.591048471210096,8.830837080122853,119600
2015-08-07,8.566242218017578,8.607585244945755,8.52489997964205,8.607585244945755,12600
2015-08-10,8.682001113891602,8.690269875633627,8.599315073576387,8.682001113891602,138700
2015-08-11,8.516631126403809,8.607585153840999,8.475288099913216,8.607585153840999,92300
2015-08-12,8.516631126403809,8.516631126403809,8.293379256486192,8.409139572949325,121700
2015-08-13,8.500091552734375,8.549703330282254,8.475286058236662,8.483554819253385,55800
2015-08-14,8.500091552734375,8.508360313751098,8.442211802722227,8.508360313751098,24700
2015-08-17,8.516631126403809,8.524899889412456,8.458750573895921,8.500093600386515,22000
2015-08-18,8.467019081115723,8.491825369392265,8.442213581391798,8.491825369392265,20200
2015-08-19,8.376067161560059,8.409141432355295,8.25203805466331,8.39260390268127,175500
2015-08-20,8.012248039245605,8.202425655570401,7.987442537482434,8.194156892131785,58400
2015-08-21,7.788996696472168,7.987442281318586,7.673236377702095,7.987442281318586,60000
2015-08-24,7.441715240478516,7.714578069545192,6.904258344087187,7.152314887927787,336800
2015-08-25,7.466522693634033,7.780728625190919,7.466522693634033,7.772459861282197,21300
2015-08-26,7.6732354164123535,7.780726958542639,7.474789856426853,7.6897729406874245,16500
2015-08-27,7.987441539764404,8.03705332564638,7.838606970671066,7.87994999414728,31900
2015-08-28,8.012248039245605,8.020516802684224,7.929562770517475,7.937831533956094,20300
2015-08-31,7.80553674697876,7.879954070017449,7.80553674697876,7.863417325204958,13100
2015-09-01,7.557476997375488,7.689774056563674,7.5409394707006285,7.656699791766627,37400
2015-09-02,7.6815056800842285,7.6815056800842285,7.5409398504794005,7.62362591091261,35300
2015-09-03,7.656698226928711,7.772457735783683,7.640160703633708,7.706309219708696,123200
2015-09-04,7.4995951652526855,7.623624228531775,7.483058429946997,7.540938186345715,24600
2015-09-08,7.788996696472168,7.7972654596456,7.689773904048959,7.7972654596456,14800
2015-09-09,7.755923271179199,7.896489106119921,7.739385743043706,7.896489106119921,15100
2015-09-10,7.838606357574463,7.896486901335071,7.755921105641845,7.788995364125397,185200
2015-09-11,7.8220696449279785,7.8386063799406775,7.7559211277721305,7.788995386350055,94200
2015-09-14,7.755923271179199,7.797266302965189,7.681505971674965,7.797266302965189,7100
2015-09-15,7.81380033493042,7.830337857335375,7.714577566158102,7.714577566158102,31700
2015-09-16,7.94610071182251,7.962638241203405,7.871684195266892,7.871684195266892,23100
2015-09-17,7.970905780792236,8.053591049329851,7.871682985415488,7.9378315156666535,13000
2015-09-18,7.764190673828125,7.871682222202403,7.747653148592418,7.855144696966696,38100
2015-09-21,7.780726909637451,7.797264433808577,7.739383887762191,7.797264433808577,9300
2015-09-22,7.607086181640625,7.689772218141522,7.574011924750763,7.673234695420349,20700
2015-09-23,7.491326808929443,7.607086315809408,7.491326808929443,7.582280819842629,15000
2015-09-24,7.458250999450684,7.483056490255628,7.2928789579448345,7.441713479879165,81000
2015-09-25,7.466522693634033,7.607088525871396,7.392105395560991,7.607088525871396,14100
2015-09-28,7.276346206665039,7.342494744025858,7.235003173676335,7.342494744025858,32500
2015-09-29,7.32595682144165,7.383837379934302,7.292882554539873,7.350763113032525,54000
2015-09-30,7.491326808929443,7.5409378008629995,7.4417150284433875,7.524401066402647,15800
2015-10-01,7.582280158996582,7.59054891978233,7.499594128243959,7.5574746651917675,13000
2015-10-02,7.846874713897705,7.846874713897704,7.524400907482925,7.524400907482925,22400
2015-10-05,8.020516395568848,8.061859422110714,7.904756867514796,7.954367868522921,53100
2015-10-06,8.094934463500977,8.119739966388677,7.946099869069341,8.028785930098632,24500
2015-10-07,8.252037048339844,8.285112103654445,8.136277508949625,8.169351775711505,16200
2015-10-08,8.334722518920898,8.351260045406345,8.13627693241151,8.22723096242348,18900
2015-10-09,8.384333610534668,8.417407872194362,8.326453061215755,8.351259348874974,22600
2015-10-12,8.268573760986328,8.376065314505468,8.235499497484488,8.376065314505468,7100
2015-10-13,8.194156646728516,8.227230910939777,8.144545644687954,8.218962147748798,5100
2015-10-14,8.318185806274414,8.342991307525326,8.26030525195206,8.26857401521992,20200
2015-10-15,8.49182415008545,8.541435142409854,8.342989596007222,8.392600588331627,16200
2015-10-16,8.425675392150879,8.475287176243233,8.351258898841184,8.475287176243233,25200
2015-10-19,8.285110473632812,8.37606449219541,8.268572949229123,8.326452707536905,55100
2015-10-20,8.376067161560059,8.384335926397073,8.285113114011363,8.342992890764823,12000
2015-10-21,8.285110473632812,8.417407514652067,8.285110473632812,8.417407514652067,11400
2015-10-22,8.359528541564941,8.400871571804881,8.293380008602124,8.342991802600595,23700
2015-10-23,8.359528541564941,8.43394583828629,8.318186299877716,8.43394583828629,15300
2015-10-26,8.293377876281738,8.37606391550211,8.268572379936632,8.37606391550211,27100
2015-10-27,8.111470222473145,8.260303995899799,8.070127200973083,8.260303995899799,18400
2015-10-28,8.169349670410156,8.235498186886957,8.070126895694955,8.086663630537895,21800
2015-10-29,8.185888290405273,8.210694581211175,8.103203020043697,8.103203020043697,12600
2015-10-30,8.103201866149902,8.161081626016214,8.061858842580001,8.144544889719805,21500
2015-11-02,8.227229118347168,8.252034613962696,8.11973758594323,8.12800634733257,23000
2015-11-03,8.260303497314453,8.301646516319083,8.094932209848436,8.094932209848436,28600
2015-11-04,8.202425956726074,8.29337999223224,8.185888429241656,8.243768986884408,10400
2015-11-05,8.185888290405273,8.276843112921515,8.16108278815207,8.260305585717582,9700
2015-11-06,8.218960762023926,8.235498285617643,8.144544271509774,8.185886503389016,12000
2015-11-09,8.078394889831543,8.202423149302987,8.070126128919462,8.202423149302987,32700
2015-11-10,7.904756546020508,8.103202119087312,7.888219020655302,8.061859094226909,22000
2015-11-11,7.871683120727539,8.020516922074732,7.8551455936041314,7.921294124992372,21600
2015-11-12,7.764190673828125,7.9047564841212115,7.764190673828125,7.8882189588855045,12100
2015-11-13,7.6732354164123535,7.747652698545055,7.6484299185523055,7.731115962822543,51200
2015-11-16,7.80553674697876,7.822074280344243,7.664971656137116,7.664971656137116,35600
2015-11-17,7.689772129058838,7.797263659843767,7.623623616045416,7.788994898578971,42800
2015-11-18,7.755923271179199,7.764192035246946,7.615357436238478,7.648431703956722,35000
2015-11-19,7.780726909637451,7.788995671723014,7.731115914229182,7.772458147551888,149400
2015-11-20,7.780726909637451,7.8138011694271485,7.739383887762191,7.739383887762191,14400
2015-11-23,7.788996696472168,7.863413987927739,7.755922432331098,7.863413987927739,17800
2015-11-24,7.8220696449279785,7.830338406710591,7.739383604206906,7.739383604206906,16700
2015-11-25,7.81380033493042,7.813800334930421,7.788994839875459,7.813800334930421,6300
2015-11-27,7.80553674697876,7.855148558522217,7.772462468800786,7.813805513661501,8000
2015-11-30,7.788996696472168,7.846876461580876,7.755922432331098,7.7972654596456,37200
2015-12-01,7.913025856018066,7.921294620096592,7.805534288655463,7.8634148486524,40400
2015-12-02,7.954367160797119,7.979172659094156,7.92129290021688,7.954367160797119,21200
2015-12-03,7.995711803436279,8.078397865913754,7.921294504917099,8.003980567394574,13500
2015-12-04,8.061858177185059,8.061858177185059,7.9709041636803395,8.02051515702745,26000
2015-12-07,7.913025856018066,8.003980683776362,7.855146084573874,7.98744315561931,27700
2015-12-08,7.838606357574463,7.838606357574464,7.731115608917313,7.838606357574464,22000
2015-12-09,7.838606357574463,7.929561159818623,7.788995364125397,7.8138008608499305,28500
2015-12-10,7.714578151702881,7.780726669238503,7.689772654765155,7.780726669238503,34500
2015-12-11,7.54094123840332,7.615358548779307,7.483061458578823,7.615358548779307,22900
2015-12-14,7.755923271179199,7.755923271179199,7.598819908102985,7.648431703956722,79700
2015-12-15,7.937830924987793,8.103202238309908,7.855144874050423,8.103202238309908,61500
2015-12-16,8.293377876281738,8.309915399546817,8.094932328415862,8.094932328415862,59000
2015-12-17,8.210695266723633,8.376066609806367,8.185888973846648,8.351261105482148,61500
2015-12-18,8.177619934082031,8.210694198395144,8.119739380119587,8.1528136444327,42900
2015-12-21,8.232612609863281,8.24927740415983,8.140954254584713,8.240945404341065,36400
2015-12-22,8.124288558959961,8.182616530220585,8.057627793330958,8.182616530220585,57200
2015-12-23,8.282608985900879,8.324272169659421,8.165953024967923,8.165953024967923,68000
2015-12-24,8.307609558105469,8.332607157072069,8.22428316867101,8.31594156132144,37200
2015-12-28,8.257611274719238,8.340937641037627,8.14095531546444,8.332604845473963,90500
2015-12-29,8.232612609863281,8.332603759619634,8.17428463783683,8.332603759619634,104400
2015-12-30,8.224283218383789,8.265946413352857,8.165955222222703,8.265946413352857,63700
2015-12-31,8.199285507202148,8.240948701601782,8.082628721815038,8.165955110614307,62300
2016-01-04,8.124288558959961,8.132621353328338,7.9326390564413325,8.049294998962582,83700
2016-01-05,8.090959548950195,8.149287530107411,8.03263156779298,8.115957141637697,33800
2016-01-06,7.965971946716309,8.015967139345614,7.932641553410352,8.00763434235431,25400
2016-01-07,7.674331188201904,7.83265037380901,7.674331188201904,7.83265037380901,28000
2016-01-08,7.599335670471191,7.732657223428014,7.5910028747466045,7.6826620383987745,26800
2016-01-11,7.507678508758545,7.607669689555354,7.416019330367022,7.566006498891867,144300
2016-01-12,7.449350833892822,7.599338024765227,7.382690036762728,7.557674827894072,32800
2016-01-13,7.182706356048584,7.482679889287588,7.16604155708715,7.482679889287588,58000
2016-01-14,7.166040897369385,7.257699269867157,7.057716932785198,7.257699269867157,214600
2016-01-15,6.907730579376221,6.974391366092142,6.757743411935769,6.974391366092142,33400
2016-01-19,6.907730579376221,7.082715343170329,6.85773459200965,7.082715343170329,66300
2016-01-20,6.732745170593262,6.791073154717127,6.499432439438616,6.741077966799295,47900
2016-01-21,6.666085720062256,6.791074509449686,6.624422525379998,6.699416116876193,33700
2016-01-22,6.974390506744385,7.00772089599555,6.849401745717306,6.849401745717306,33800
2016-01-25,6.849400520324707,6.974389258990664,6.832734931351101,6.949391670189277,27000
2016-01-26,7.016052722930908,7.016052722930908,6.87439838951366,6.907728774161304,13900
2016-01-27,6.982723712921143,7.099380479482788,6.96605811998696,7.024386900597388,28900
2016-01-28,6.982723712921143,7.091047683015697,6.924395726969924,7.091047683015697,19000
2016-01-29,7.2493672370910645,7.249367237091065,7.0493848789534805,7.0493848789534805,30300
2016-02-01,7.2910308837890625,7.316028481457449,7.2077044986820376,7.316028481457449,19500
2016-02-02,7.041050910949707,7.28269641883975,7.00772052347036,7.28269641883975,16200
2016-02-03,7.124378204345703,7.132711000964986,6.982723840454795,7.0493846240906075,30300
2016-02-04,7.1077117919921875,7.2077029559226125,7.057716607356541,7.066048608356394,35500
2016-02-05,6.974390506744385,7.099380062430625,6.949392913470801,7.099380062430625,17300
2016-02-08,6.732745170593262,6.849401933500177,6.5994236099334636,6.849401933500177,37300
2016-02-09,6.69941520690918,6.749411192668911,6.616089226192322,6.616089226192322,9200
2016-02-10,6.607755661010742,6.724412020447859,6.607755661010742,6.724412020447859,11200
2016-02-11,6.4744343757629395,6.55776035024369,6.424438791074489,6.4744343757629395,16600
2016-02-12,6.4661030769348145,6.524431070328778,6.374444290749028,6.524431070328778,20900
2016-02-16,6.707747459411621,6.766075442516163,6.6077558933346054,6.716080255472034,19300
2016-02-17,6.907730579376221,6.924396173384832,6.782741802948684,6.782741802948684,38000
2016-02-18,6.907730579376221,7.007721759450103,6.85773459200965,7.007721759450103,34900
2016-02-19,6.841069221496582,6.882732408380371,6.832736425187986,6.882732408380371,8400
2016-02-22,6.932728290557861,6.991057075894847,6.849402703112454,6.849402703112454,18200
2016-02-23,6.857733249664307,6.9910555916586485,6.799405271369917,6.932726818705153,40300
2016-02-24,6.974390506744385,6.974390506744385,6.7077473927350635,6.82440335778456,20600
2016-02-25,6.991056442260742,7.007721240375701,6.866066880432145,7.007721240375701,6900
2016-02-26,6.999388217926025,7.157708165530407,6.991056216467249,7.091047385905144,43000
2016-02-29,7.007721424102783,7.091047800839816,6.991056625550909,7.032719019260204,17400
2016-03-01,7.1910400390625,7.191040039062499,7.0660504554817845,7.0660504554817845,31900
2016-03-02,7.266031742095947,7.282696538780518,7.14104219099557,7.207702967052118,21500
2016-03-03,7.382687568664551,7.382687568664551,7.257698814495323,7.316026793819747,13300
2016-03-04,7.457681655883789,7.549340823642165,7.37435607888247,7.37435607888247,25500
2016-03-07,7.524341583251953,7.566004764364039,7.432683220532633,7.482678402139868,23000
2016-03-08,7.3243608474731445,7.499345610163326,7.316028050521409,7.499345610163326,30200
2016-03-09,7.44101619720459,7.474346583975509,7.382687424361152,7.407685810433669,93200
2016-03-10,7.44101619720459,7.524341766802338,7.341025036891829,7.524341766802338,26900
2016-03-11,7.582671642303467,7.616002033921228,7.507678062498697,7.55767325259573,25200
2016-03-14,7.632668495178223,7.649334091947315,7.541010096926389,7.582673294189728,25100
2016-03-15,7.507678508758545,7.5493416994220315,7.432684924496122,7.5493416994220315,25500
2016-03-16,7.640997409820557,7.640997409820557,7.424349529895808,7.441015118194168,50400
2016-03-17,7.765986919403076,7.765986919403076,7.657662968616926,7.657662968616926,41000
2016-03-18,7.799319744110107,7.8909789282605125,7.799319744110107,7.82431813687439,34300
2016-03-21,7.765986919403076,7.840980484921109,7.757654919080347,7.799317304671194,56600
2016-03-22,7.7243242263793945,7.782652199612345,7.707658637079103,7.757654610320943,15400
2016-03-23,7.549339771270752,7.724324491637729,7.5326741813981535,7.724324491637729,16000
2016-03-24,7.491012096405029,7.499344892559409,7.374356128880424,7.499344892559409,26300
2016-03-28,7.574338436126709,7.60766882594202,7.482679268140223,7.591003233704777,15800
2016-03-29,7.690995216369629,7.690995216369629,7.482680059332628,7.5326760466715825,23500
2016-03-30,7.790985107421875,7.815982697076352,7.740989133453874,7.749321928225049,59500
2016-03-31,7.782651901245117,7.8826430492363535,7.749321518581372,7.832647077911233,34000
2016-04-01,7.732658863067627,7.732658863067627,7.582672481517529,7.732658863067627,50600
2016-04-04,7.607669353485107,7.732658125294899,7.574338961358548,7.732658125294899,33000
2016-04-05,7.499344348907471,7.5243419408992755,7.407685981831442,7.5243419408992755,17800
2016-04-06,7.541007995605469,7.5576727930714815,7.4243512347066964,7.5243424034802855,35300
2016-04-07,7.416017532348633,7.524341483946777,7.382687146830671,7.524341483946777,21600
2016-04-08,7.507678508758545,7.574339295956417,7.491012914629445,7.574339295956417,12100
2016-04-11,7.541007995605469,7.657663961845071,7.541007995605469,7.591003182662678,26300
2016-04-12,7.699328422546387,7.724326814874021,7.582672436987966,7.582672436987966,17300
2016-04-13,7.815983772277832,7.832648569453617,7.682662216234918,7.782653383267103,63600
2016-04-14,7.732658863067627,7.865980444294073,7.682663667437363,7.865980444294073,145200
2016-04-15,7.690995216369629,7.782654394047835,7.682663214029186,7.732658406708881,18700
2016-04-18,7.7159929275512695,7.757656114219786,7.624333757948692,7.640999350479776,22000
2016-04-19,7.782651901245117,7.815982283908863,7.749321518581372,7.7743191069144295,28900
2016-04-20,7.799319744110107,7.874313333084324,7.724326949795207,7.765989348417047,29600
2016-04-21,7.774320602416992,7.824316583359559,7.70765982426634,7.799318195558697,39400
2016-04-22,7.757656574249268,7.774321373109384,7.724326181869797,7.757656574249268,19600
2016-04-25,7.640997409820557,7.749321349782931,7.599334233733646,7.749321349782931,44500
2016-04-26,7.690995216369629,7.732658406708881,7.624334429690529,7.624334429690529,30800
2016-04-27,7.82431697845459,7.832648980149783,7.707660213470694,7.757656196937849,209900
2016-04-28,7.674331188201904,7.79931997712018,7.665998390364862,7.724327180564819,31600
2016-04-29,7.665996074676514,7.790985620498197,7.591002506115324,7.707659256617075,34500
2016-05-02,7.557672500610352,7.682662052734964,7.54100770378922,7.674329256994828,21900
2016-05-03,7.374355792999268,7.566005327865838,7.374355792999268,7.566005327865838,35100
2016-05-04,7.349359035491943,7.4576830206097675,7.324361437283006,7.341027032528511,45000
2016-05-05,7.2493672370910645,7.416019202205718,7.24103444017052,7.399354403023879,24700
2016-05-06,7.3326921463012695,7.349356942140744,7.199370600949098,7.249365783126615,23200
2016-05-09,7.1910400390625,7.291031229131468,7.166042440210092,7.291031229131468,31800
2016-05-10,7.2826972007751465,7.2826972007751465,7.1910388240304615,7.241034013287851,24800
2016-05-11,7.382687568664551,7.407685955225691,7.266031610015703,7.266031610015703,13400
2016-05-12,7.274363994598389,7.391020754059979,7.216036012197175,7.391020754059979,65200
2016-05-13,7.1327104568481445,7.324359996516368,7.1327104568481445,7.2410336259985195,52800
2016-05-16,7.232702255249023,7.307695836321486,7.1743734729375355,7.207703865118715,28300
2016-05-17,7.199371814727783,7.2910301939457804,7.182706221419479,7.257699801988397,37600
2016-05-18,7.082713603973389,7.207702349709293,7.082713603973389,7.207702349709293,39800
2016-05-19,6.999388217926025,7.057716996092513,6.916062640724034,7.057716996092513,118200
2016-05-20,7.124378204345703,7.1577085961636095,7.05771742070989,7.082715015908514,52100
2016-05-23,7.1327104568481445,7.1910384394151405,7.09104727158922,7.099380067572837,23900
2016-05-24,7.224370956420898,7.257701355512714,7.166042956675069,7.166042956675069,11500
2016-05-25,7.2493672370910645,7.257700034011611,7.191039247965749,7.24103444017052,29500
2016-05-26,7.24103307723999,7.291029054693609,7.191037894445475,7.291029054693609,55400
2016-05-27,7.216036796569824,7.274364785311206,7.174373606900589,7.274364785311206,15900
2016-05-31,7.266031742095947,7.282696538780518,7.182705374695696,7.2327013540676734,39400
2016-06-01,7.407687187194824,7.416019189441776,7.282697617579518,7.291030414485721,38000
2016-06-02,7.44101619720459,7.44101619720459,7.37435542366275,7.37435542366275,11500
2016-06-03,7.424350738525391,7.441016329536786,7.3826875556560205,7.4160179430196935,15900
2016-06-06,7.557672500610352,7.574338092090622,7.4243509474047436,7.43268374314488,31400
2016-06-07,7.599335670471191,7.624333262985811,7.557672486507399,7.582670873681157,22300
2016-06-08,7.599335670471191,7.624333262985811,7.574338077956571,7.582670873681157,24100
2016-06-09,7.5160112380981445,7.549341631396748,7.449349656841678,7.549341631396748,14600
2016-06-10,7.199371814727783,7.41601896512116,7.157708626116248,7.41601896512116,23500
2016-06-13,6.991056442260742,7.1493756003192575,6.982723645873662,7.09938041131518,392500
2016-06-14,6.916062355041504,7.024386316122801,6.874399170831906,6.999387928801556,72600
2016-06-15,6.9493937492370605,7.057717725995681,6.9493937492370605,6.982724142496693,62200
2016-06-16,7.024387359619141,7.024387359619141,6.841069798659957,6.932728181809918,69400
2016-06-17,7.0660505294799805,7.132712118216736,7.049385728290303,7.074383327404493,37500
2016-06-20,7.2826972007751465,7.324360388262441,7.249366809717151,7.2826972007751465,19200
2016-06-21,7.249589920043945,7.266568271056528,7.173188959631996,7.241100744537654,71100
2016-06-22,7.249589920043945,7.3769243143489724,7.249589920043945,7.292034988003066,18300
2016-06-23,7.419368743896484,7.453324633427524,7.32599025007919,7.334479424855017,38500
2016-06-24,7.037365913391113,7.181678669445395,6.977943299570784,7.105277703349317,84500
2016-06-27,6.927008628845215,7.020387941508458,6.799674232851051,7.020387941508458,76900
2016-06-28,7.241100788116455,7.241100788116455,7.0628321492731505,7.0628321492731505,44600
2016-06-29,7.359949111938477,7.368438290142673,7.232614677165911,7.232614677165911,35000
2016-06-30,7.453326225280762,7.470304578458587,7.39390360830325,7.402392784892164,23300
2016-07-01,7.453326225280762,7.563683092219311,7.427859505086463,7.470304578458587,22600
2016-07-05,7.393901824951172,7.444836062627265,7.309011698681767,7.444836062627265,24500
2016-07-06,7.444835186004639,7.444835186004639,7.309010838052336,7.393900954326007,26100
2016-07-07,7.393901824951172,7.512747839813891,7.3599459363578585,7.3854126504097835,17500
2016-07-08,7.572171211242676,7.6061271032834465,7.487281076354588,7.521236968395359,18400
2016-07-11,7.6655497550964355,7.724973173681408,7.580660429302993,7.580660429302993,53400
2016-07-12,7.716485023498535,7.733462567084052,7.674039950176089,7.674039950176089,57500
2016-07-13,7.6146159172058105,7.707994413491985,7.589148392204983,7.699505238491709,34200
2016-07-14,7.682528972625732,7.7079956922793045,7.623105547337504,7.6315947237461685,31900
2016-07-15,7.640082359313965,7.674038248528025,7.572170580885843,7.674038248528025,41600
2016-07-18,7.6570611000061035,7.707994531643918,7.563681792716278,7.597637683665588,73400
2016-07-19,7.62310266494751,7.7079927777913015,7.597635954923218,7.665547721369406,54800
2016-07-20,7.724974632263184,7.758930530906369,7.631595303815063,7.657062834976814,32500
2016-07-21,7.69101619720459,7.801372224221334,7.69101619720459,7.750438797840101,14300
2016-07-22,7.7504425048828125,7.767420051939526,7.6995082445674665,7.767420051939526,65600
2016-07-25,7.733463287353516,7.792886719368419,7.682529842280755,7.7504416420927775,16500
2016-07-26,7.835329532623291,7.8438187084171025,7.741951027608455,7.741951027608455,47300
2016-07-27,7.818352699279785,7.860797772523789,7.750440905918355,7.860797772523789,12700
2016-07-28,7.724974632263184,7.77590807544172,7.691018733619998,7.77590807544172,29200
2016-07-29,7.724974632263184,7.750441353852452,7.699507101101433,7.724974632263184,8300
2016-08-01,7.7504425048828125,7.809865133940213,7.724975779511441,7.7504425048828125,14700
2016-08-02,7.724974632263184,7.758930530906369,7.6485736579228965,7.750441353852452,29800
2016-08-03,7.767417907714844,7.784396259657222,7.682528576720087,7.682528576720087,20200
2016-08-04,7.835329532623291,7.869286235798536,7.801373639020409,7.801373639020409,27400
2016-08-05,7.809861183166504,7.869284591735994,7.784394470677976,7.784394470677976,45400
2016-08-08,7.886264324188232,7.8947535005701885,7.835330075468912,7.886264324188232,13300
2016-08-09,7.886264324188232,7.8947535005701885,7.852308428232825,7.877775147806275,16500
2016-08-10,7.733463287353516,7.835330987071549,7.724974919556398,7.835330987071549,33200
2016-08-11,7.775908946990967,7.8353315738837015,7.767419768985555,7.80986484944004,19200
2016-08-12,7.733463287353516,7.8183534419048,7.724974919556398,7.809864264535169,44500
2016-08-15,7.860795974731445,7.869285149353229,7.767416673036333,7.8183509111947815,56500
2016-08-16,7.826842308044434,7.860798206600207,7.809863953980306,7.860798206600207,21300
2016-08-17,7.818352699279785,7.852308595960501,7.716485009237639,7.835330242833925,15900
2016-08-18,7.97115421295166,7.988131755598096,7.869286528355867,7.869286528355867,59600
2016-08-19,7.954174995422363,7.9626641706082655,7.852307321908444,7.954174995422363,22300
2016-08-22,7.894753456115723,7.954176071309979,7.860797560351517,7.928709351879928,22600
2016-08-23,7.894753456115723,8.005110319742494,7.886264279781567,7.962665247644133,75900
2016-08-24,7.8777756690979,8.005110894536074,7.869287301726666,7.920220744243958,32800
2016-08-25,7.869286060333252,7.911730319211183,7.860796884728728,7.89475277757448,31800
2016-08-26,7.835329532623291,8.013598176431515,7.801373639020409,7.920219671416679,41500
2016-08-29,7.860795974731445,7.920218577939425,7.8183509111947815,7.8523068001096625,14200
2016-08-30,7.8777756690979,7.93719909813137,7.826842226580609,7.852308947839254,23500
2016-08-31,7.80137300491333,7.877773961702924,7.75892874853893,7.818351355120927,15200
2016-09-01,7.826842308044434,7.894754105155981,7.758930510932886,7.809863953980306,23200
2016-09-02,7.928707599639893,7.9626634878998654,7.860795823119947,7.860795823119947,25000
2016-09-06,8.132444381713867,8.140933557688149,8.005109980389172,8.005109980389172,32000
2016-09-07,8.106979370117188,8.166401995302579,8.073023468643743,8.14942444935213,73400
2016-09-08,8.183378219604492,8.217334112234704,8.14942232697428,8.19186658558279,44600
2016-09-09,7.954174995422363,8.149421976836603,7.937197454622862,8.149421976836603,39100
2016-09-12,7.996621608734131,7.996621608734131,7.818352943205442,7.928709813253913,26800
2016-09-13,7.733463287353516,7.877776064347191,7.724974919556398,7.877776064347191,16200
2016-09-14,7.648574352264404,7.716486155715843,7.640085174439835,7.707996977891274,19900
2016-09-15,7.741950035095215,7.792884273755981,7.64008236734594,7.657060716756948,23700
2016-09-16,7.6655497550964355,7.733461539560121,7.6655497550964355,7.733461539560121,29600
2016-09-19,7.767417907714844,7.809862977998411,7.741951189373655,7.767417907714844,16800
2016-09-20,7.784395694732666,7.835329127718732,7.7504398028845145,7.818351586580817,16500
2016-09-21,7.886264324188232,7.911731043761683,7.8013741795135045,7.809863355895461,36600
2016-09-22,7.996621608734131,8.022088329646097,7.928709813253913,8.022088329646097,20100
2016-09-23,7.903242111206055,7.954175546706934,7.869286217681347,7.928708828956495,28000
2016-09-26,7.826842308044434,7.860798206600207,7.792886409488659,7.860798206600207,22800
2016-09-27,7.886264324188232,7.903242676952145,7.775907459940053,7.775907459940053,61700
2016-09-28,7.937198162078857,7.962664880334153,7.818352127600183,7.843818845855479,40800
2016-09-29,7.886264324188232,8.022087908009862,7.843819251850868,8.022087908009862,29600
2016-09-30,7.775908946990967,7.80986484944004,7.699507964087408,7.80986484944004,21200
2016-10-03,7.784395694732666,7.792884870087784,7.6825280191882115,7.775906519377548,8900
2016-10-04,7.69101619720459,7.801372224221334,7.657060309759696,7.801372224221334,35300
2016-10-05,7.860795974731445,7.860795974731445,7.716483244450137,7.775905847658117,19300
2016-10-06,7.80137300491333,7.843818070860026,7.7504395734351315,7.826840530224726,15200
2016-10-07,7.69101619720459,7.7674163367764395,7.64008196125114,7.7674163367764395,81600
2016-10-10,7.775908946990967,7.79288730300179,7.682530417649158,7.682530417649158,9400
2016-10-11,7.5976386070251465,7.691017925663588,7.546705169197267,7.691017925663588,26900
2016-10-12,7.5976386070251465,7.623105325939086,7.546705169197267,7.546705169197267,30400
2016-10-13,7.640082359313965,7.6570607087071245,7.512747977154302,7.589148120706745,33800
2016-10-14,7.69101619720459,7.741949623585823,7.665548674441757,7.682527022950312,7300
2016-10-17,7.69101619720459,7.707993736140929,7.623103612742585,7.707993736140929,7500
2016-10-18,7.7504425048828125,7.767420051939526,7.691019875825411,7.758931683197471,11500
2016-10-19,7.809861183166504,7.818350357186745,7.707993523640199,7.767416122637496,67900
2016-10-20,7.758929252624512,7.775906794362817,7.7079950082648985,7.7079950082648985,12700
2016-10-21,7.6570611000061035,7.7589287728540315,7.640082749745299,7.640082749745299,26600
2016-10-24,7.682528972625732,7.775907484403776,7.665550619808404,7.691018149034397,13200
2016-10-25,7.6146159172058105,7.69101687306372,7.606126742205534,7.69101687306372,28700
2016-10-26,7.6146159172058105,7.648571807634627,7.538214961347901,7.640082632634352,25400
2016-10-27,7.546703815460205,7.657060657054527,7.529725466181577,7.597637244151582,47900
2016-10-28,7.478795051574707,7.5551952254023735,7.470305873514107,7.546706856914351,29800
2016-10-31,7.521235466003418,7.546702987126017,7.487279580745449,7.546702987126017,25300
2016-11-01,7.351457595825195,7.5382154090618565,7.334480054388591,7.504259516616313,24700
2016-11-02,7.258078575134277,7.37692378541162,7.24110022533907,7.35994624518869,27100
2016-11-03,7.122255325317383,7.266568066574006,7.105276974782575,7.232612175076701,21700
2016-11-04,7.0967888832092285,7.1901682062652625,7.088300516217946,7.147723133019105,28200
2016-11-07,7.317503452301025,7.351459352862207,7.22412492815091,7.22412492815091,33300
2016-11-08,7.3429694175720215,7.368436947544184,7.22412418265837,7.351458594229409,36700
2016-11-09,6.97794246673584,7.0713209643903125,6.884563159509067,7.054343423713272,145800
2016-11-10,6.791186332702637,6.918520752611812,6.7062965845011036,6.918520752611812,72900
2016-11-11,6.748739719390869,6.765717665164971,6.604427382704083,6.765717665164971,41000
2016-11-14,6.672340393066406,6.714785062915572,6.604428597478755,6.714785062915572,72500
2016-11-15,6.77420711517334,6.77420711517334,6.706295329322768,6.706295329322768,52500
2016-11-16,6.680828094482422,6.7742070008440765,6.672339323787454,6.757229054667972,61000
2016-11-17,6.723273754119873,6.782696368573722,6.655361963437644,6.655361963437644,33800
2016-11-18,6.697806358337402,6.74874019928152,6.663850464374657,6.731762252300148,91700
2016-11-21,6.689316749572754,6.748739354173294,6.621404970151489,6.748739354173294,40900
2016-11-22,6.748739719390869,6.782695610939073,6.706295057348694,6.706295057348694,48200
2016-11-23,6.78269624710083,6.791185423177175,6.706295686344699,6.765718299734335,28300
2016-11-25,6.808162689208984,6.859096118396755,6.791184339764887,6.791184339764887,10600
2016-11-28,6.910030364990234,6.93549707961299,6.8675853009041345,6.8675853009041345,226200
2016-11-29,6.808162689208984,6.9015411824347375,6.808162689208984,6.9015411824347375,108200
2016-11-30,6.825141429901123,6.8845640442658,6.816652253685482,6.825141429901123,47300
2016-12-01,6.76571798324585,6.842119350000447,6.76571798324585,6.799674281176618,75800
2016-12-02,6.740251541137695,6.782696206909326,6.706295646605914,6.782696206909326,68000
2016-12-05,6.808162689208984,6.808162689208984,6.740250505790986,6.740250505790986,120500
2016-12-06,6.808162689208984,6.808162689208984,6.740250505790986,6.77420639510692,31600
2016-12-07,6.935497283935547,6.952474824326795,6.791184547534653,6.791184547534653,107800
2016-12-08,6.893052577972412,6.91851929467315,6.8590966858473195,6.884563402548057,253400
2016-12-09,6.859096527099609,6.901541593666703,6.791184744421182,6.791184744421182,51800
2016-12-12,6.7996745109558105,6.893053017865863,6.791185334989702,6.791185334989702,99300
2016-12-13,6.901541709899902,6.918519251069284,6.842119101448582,6.842119101448582,123900
2016-12-14,6.714784145355225,6.876075245015172,6.714784145355225,6.876075245015172,61000
2016-12-15,6.689316749572754,6.723272639283387,6.672338804717438,6.70629469442807,56900
2016-12-16,6.680828094482422,6.731761933010733,6.672339323787454,6.697806040658526,224900
2016-12-19,6.791186332702637,6.791186332702637,6.714785356928132,6.714785356928132,91100
2016-12-20,6.740251541137695,6.791185382935367,6.731762365111654,6.748740312377544,60700
2016-12-21,6.723273754119873,6.74025170179043,6.680828682550379,6.723273754119873,118100
2016-12-22,6.796776294708252,6.796776294708252,6.684361322554007,6.7448925565605915,66200
2016-12-23,6.718950271606445,6.788128586977457,6.693008197174673,6.718950271606445,42700
2016-12-27,6.788127899169922,6.805422476260301,6.753538744989164,6.770833322079543,51200
2016-12-28,6.770833969116211,6.865954358370842,6.753539390373122,6.8400122840885675,64200
2016-12-29,6.8400115966796875,6.848659091349815,6.8054224426696575,6.814069937339785,95700
2016-12-30,6.814069747924805,6.865953477497605,6.7967751714005376,6.7967751714005376,66700
2017-01-03,6.891895294189453,6.917837365738477,6.874600717268517,6.917837365738477,70200
2017-01-04,7.01295804977417,7.0302530407989146,6.917838073149763,6.917838073149763,38800
2017-01-05,7.056194305419922,7.073489295471003,7.004310984607711,7.004310984607711,43000
2017-01-06,7.021605014801025,7.073489159284825,7.012957519941976,7.073489159284825,30800
2017-01-09,7.04754638671875,7.073488870235793,7.038899716883535,7.056193881224432,36100
2017-01-10,7.056194305419922,7.0907834608515685,7.056194305419922,7.073489295471003,16600
2017-01-11,7.134018898010254,7.159960554004404,7.021603955808435,7.047545611802585,43500
2017-01-12,7.159962177276611,7.185904663822693,7.116725524370371,7.1772571683073325,36400
2017-01-13,7.142667293548584,7.185903942112388,7.134019798901727,7.159961458171818,51000
2017-01-17,7.220493316650391,7.246434976713124,7.159961676943339,7.159961676943339,87200
2017-01-18,7.177257061004639,7.298318697727519,7.177257061004639,7.281024531625915,24200
2017-01-19,7.142667293548584,7.203198106735621,7.134019798901727,7.203198106735621,29700
2017-01-20,7.168609619140625,7.2291404379539985,7.151315452909899,7.211846271723273,29200
2017-01-23,7.168609619140625,7.23778793340464,7.168609619140625,7.203198776272632,33500
2017-01-24,7.2031989097595215,7.229140571921629,7.177257247597414,7.2031989097595215,39700
2017-01-25,7.255082130432129,7.255082130432129,7.19455049357176,7.19455049357176,30400
2017-01-26,7.194550514221191,7.272376315643276,7.194550514221191,7.272376315643276,34700
2017-01-27,7.194550514221191,7.246434656726071,7.159961360774762,7.159961360774762,26500
2017-01-30,7.116725444793701,7.2031987496392675,7.082136287789584,7.2031987496392675,68500
2017-01-31,7.134018898010254,7.151313885119937,7.073488092467111,7.099429748461262,39600
2017-02-01,7.229140758514404,7.289672404682477,7.1859049286851135,7.220494087350901,25100
2017-02-02,7.220493316650391,7.2550824716242035,7.185904161676578,7.2377874818020445,24800
2017-02-03,7.289672374725342,7.306966541651868,7.229140728806025,7.281024878926784,78500
2017-02-06,7.2031989097595215,7.306966383078523,7.194551414148629,7.306966383078523,60600
2017-02-07,7.177257061004639,7.281024531625915,7.168609565618561,7.237787879366079,45600
2017-02-08,7.229140758514404,7.25508324601669,7.151315770019326,7.151315770019326,24600
2017-02-09,7.263728618621826,7.298317771104008,7.220492796521932,7.220492796521932,16000
2017-02-10,7.35884952545166,7.384791184065191,7.306965383554138,7.315612877982135,33500
2017-02-13,7.428028106689453,7.453969766263936,7.393438952366647,7.436675601437777,54600
2017-02-14,7.479912281036377,7.479912281036377,7.384792301940966,7.402087293414994,38000
2017-02-15,7.523148536682129,7.549090197848917,7.462617719069445,7.462617719069445,74700
2017-02-16,7.54044246673584,7.566384124254135,7.497205821091731,7.540442466735839,51000
2017-02-17,7.549090385437012,7.557737880931003,7.453970409014785,7.453970409014785,25200
2017-02-21,7.635563373565674,7.670152529432938,7.5317959059638815,7.540443401098329,79700
2017-02-22,7.575034141540527,7.678801630848804,7.575034141540527,7.678801630848804,90500
2017-02-23,7.549090385437012,7.670152848341213,7.549090385437012,7.626916195541815,128800
2017-02-24,7.479912281036377,7.514501439313852,7.43667645169247,7.505854768247421,108400
2017-02-27,7.488559246063232,7.488559246063232,7.436675924659254,7.488559246063232,49200
2017-02-28,7.445322513580322,7.514500824475083,7.428028348191891,7.5058541541161246,23000
2017-03-01,7.523148536682129,7.566385188407136,7.488559380236232,7.488559380236232,38600
2017-03-02,7.462618350982666,7.4885600143461195,7.445323358959957,7.479912518334765,398500
2017-03-03,7.497208595275879,7.5145027651306116,7.428030266515491,7.428030266515491,35400
2017-03-06,7.436676502227783,7.505854819252829,7.436676502227783,7.505854819252829,47400
2017-03-07,7.453970909118652,7.479912572670552,7.436676741640924,7.453970909118652,14800
2017-03-08,7.428028106689453,7.497206415335066,7.419380611941129,7.497206415335066,29200
2017-03-09,7.367497444152832,7.419380764367708,7.3329074644489065,7.4020865991862514,48500
2017-03-10,7.384791374206543,7.402086363507842,7.332907230973124,7.332907230973124,83400
2017-03-13,7.445322513580322,7.462617503639271,7.402086687773984,7.419380853162417,318200
2017-03-14,7.4020867347717285,7.436675890438724,7.376144249518591,7.428028395354344,56800
2017-03-15,7.505855083465576,7.540444243195669,7.367498444545207,7.393440108175122,28100
2017-03-16,7.557736873626709,7.575031862309595,7.540442709614273,7.557736873626709,48700
2017-03-17,7.531795024871826,7.600973328513668,7.531795024871826,7.583679164938422,80700
2017-03-20,7.505855083465576,7.5490909146252285,7.471265923735484,7.514501754895136,40400
2017-03-21,7.35884952545166,7.514500301803308,7.33290704216767,7.50585363204577,139200
2017-03-22,7.332907676696777,7.332907676696777,7.229140208593015,7.306966015838469,24500
2017-03-23,7.332907676696777,7.350202667049336,7.289671850156441,7.324261006191028,20000
2017-03-24,7.3502020835876465,7.384791236876535,7.30696543580892,7.315612930298759,14600
2017-03-27,7.332907676696777,7.332907676696777,7.255082694121853,7.255082694121853,34700
2017-03-28,7.393438816070557,7.410732980577902,7.315613014111318,7.315613014111318,29200
2017-03-29,7.419380187988281,7.428027682242477,7.350201883295606,7.350201883295606,47300
2017-03-30,7.3502020835876465,7.402086225856211,7.3502020835876465,7.402086225856211,29200
2017-03-31,7.4020867347717285,7.4193809002699656,7.350202588935974,7.350202588935974,21700
2017-04-03,7.393438816070557,7.4366754643446304,7.358849662385392,7.367497156974301,60100
2017-04-04,7.428028106689453,7.428028106689453,7.350202303295516,7.350202303295516,33900
2017-04-05,7.3502020835876465,7.4366753791450995,7.341554589097809,7.4366753791450995,28000
2017-04-06,7.3502020835876465,7.376143742386697,7.341554589097809,7.3502020835876465,42600
2017-04-07,7.3502020835876465,7.384791236876535,7.332907094607971,7.341554589097809,42700
2017-04-10,7.4020867347717285,7.4020867347717285,7.341555093851595,7.376144249518591,47100
2017-04-11,7.393438816070557,7.428027969755721,7.358849662385392,7.402086310659466,39100
2017-04-12,7.3761444091796875,7.410733565595386,7.367497738578667,7.393439399722806,25300
2017-04-13,7.315614223480225,7.41938170168987,7.298319231443312,7.350203382883439,27500
2017-04-17,7.419380187988281,7.514500150773101,7.3588493775498005,7.514500150773101,74400
2017-04-18,7.3502020835876465,7.393438731366373,7.341554589097809,7.367497072567323,32000
2017-04-19,7.3069658279418945,7.428028283285129,7.3069658279418945,7.367497467948766,29700
2017-04-20,7.324261665344238,7.358850824491706,7.31561416938972,7.358850824491706,35400
2017-04-21,7.289672374725342,7.39343985029627,7.281024878926784,7.376144858699154,34700
2017-04-24,7.3761444091796875,7.428028556138504,7.341555252763989,7.428028556138504,51400
2017-04-25,7.4020867347717285,7.436675890438724,7.376144249518591,7.410733405185586,17600
2017-04-26,7.367497444152832,7.419380764367708,7.367497444152832,7.410733269441726,62200
2017-04-27,7.332907676696777,7.393439318260203,7.289671850156441,7.376144327907644,71600
2017-04-28,7.332907676696777,7.376144327907644,7.324261006191028,7.376144327907644,101700
2017-05-01,7.393438816070557,7.410732980577902,7.376143826892737,7.402086310659466,61500
2017-05-02,7.479912281036377,7.488559776773392,7.3934397976779795,7.410733964481426,83000
2017-05-03,7.453970909118652,7.523149228370795,7.453970909118652,7.497207564818896,29300
2017-05-04,7.428028106689453,7.445322271515612,7.367497292792164,7.436675601437777,27500
2017-05-05,7.557736873626709,7.557736873626709,7.436675251528307,7.471264404223629,35100
2017-05-08,7.428028106689453,7.514500580161225,7.419380611941129,7.50585391008339,46900
2017-05-09,7.514501094818115,7.531796085499271,7.462617772115739,7.471265267456317,33100
2017-05-10,7.523148536682129,7.566385188407136,7.479911884957123,7.5058543707944505,34700
2017-05-11,7.453970909118652,7.505855060893068,7.428029245566752,7.505855060893068,13100
2017-05-12,7.497208595275879,7.557739426773535,7.4626194308956855,7.5145027651306116,44600
2017-05-15,7.583677768707275,7.592324436567746,7.5577352911150335,7.5577352911150335,22700
2017-05-16,7.549090385437012,7.635563691035807,7.54044371461358,7.600974533730401,50800
2017-05-17,7.462618350982666,7.5577383330957355,7.4193816955965035,7.531796669732282,29100
2017-05-18,7.315614223480225,7.436676693726783,7.306966727461768,7.4020875343235675,31600
2017-05-19,7.428028106689453,7.453969766263936,7.376143962869999,7.4020864471149705,39200
2017-05-22,7.419380187988281,7.471264328843009,7.419380187988281,7.436675176496672,28500
2017-05-23,7.488559246063232,7.523148401889393,7.4280284295350825,7.4280284295350825,14800
2017-05-24,7.505855083465576,7.5231492509953135,7.471265923735484,7.479912595165044,20100
2017-05-25,7.557736873626709,7.609621015004917,7.505853556918951,7.505853556918951,26600
2017-05-26,7.549090385437012,7.670152848341213,7.505854557308174,7.618269524718384,54700
2017-05-30,7.54044246673584,7.557736630191228,7.497205821091731,7.505853315154638,43400
2017-05-31,7.514501094818115,7.549090251509881,7.4799119381263495,7.549090251509881,38600
2017-06-01,7.531795024871826,7.549089188447072,7.505853367173742,7.523147530748989,40300
2017-06-02,7.531795024871826,7.540442518994664,7.488558378928067,7.531795024871826,39000
2017-06-05,7.531795024871826,7.5750316708155845,7.497205873050905,7.5750316708155845,66300
2017-06-06,7.523148536682129,7.5577376931280265,7.514501041403021,7.531796031961239,67400
2017-06-07,7.4712653160095215,7.557737795965619,7.471265316009522,7.557737795965619,55000
2017-06-08,7.488559246063232,7.497206741187403,7.402086768833093,7.4453225951129,56800
2017-06-09,7.419380187988281,7.488558492680958,7.4107326937340865,7.471264328843009,53500
2017-06-12,7.419380187988281,7.462616834588815,7.393438529896138,7.402086024150333,27000
2017-06-13,7.419380187988281,7.505853481189348,7.393438529896138,7.505853481189348,70000
2017-06-14,7.419380187988281,7.471264328843009,7.402086024150333,7.462616834588815,39400
2017-06-15,7.3502020835876465,7.384791236876535,7.30696543580892,7.376143742386697,89500
2017-06-16,7.393438816070557,7.393438816070557,7.306965519522408,7.306965519522408,30200
2017-06-19,7.419380187988281,7.462616834588815,7.350201883295606,7.428027682242477,51400
2017-06-20,7.307700157165527,7.4747831768186686,7.307700157165527,7.4747831768186686,71500
2017-06-21,7.351668357849121,7.360462421157858,7.325287006570945,7.325287006570945,25500
2017-06-22,7.430812358856201,7.465987769223116,7.395636948489287,7.395636948489287,22600
2017-06-23,7.465988636016846,7.50116405046759,7.439607284840795,7.44840134811549,118400
2017-06-26,7.527545928955078,7.553927279040006,7.483576453048201,7.553927279040006,31300
2017-06-27,7.501163482666016,7.536338894454153,7.474782133486905,7.536338894454153,57700
2017-06-28,7.597896575927734,7.606689799983528,7.492370339426402,7.536338975649306,60500
2017-06-29,7.465988636016846,7.589103005918469,7.422019158291406,7.589103005918469,44100
2017-06-30,7.527545928955078,7.562721341950981,7.509957803133128,7.509957803133128,36300
2017-07-03,7.5627217292785645,7.61548443215068,7.509958187758408,7.5627217292785645,49800
2017-07-05,7.492370128631592,7.536338763617456,7.465987941262527,7.536338763617456,42800
2017-07-06,7.51875114440918,7.536338429895139,7.474781672722405,7.492369796856282,38500
2017-07-07,7.53633975982666,7.53633975982666,7.474782991791056,7.501164343999448,41000
2017-07-10,7.545132160186768,7.571513506579621,7.474781344040569,7.571513506579621,69700
2017-07-11,7.51875114440918,7.545132491962077,7.492369796856282,7.527545206476118,28600
2017-07-12,7.633072853088379,7.6506601418409685,7.527546604628623,7.527546604628623,68400
2017-07-13,7.61548376083374,7.659453235116552,7.61548376083374,7.624277823419896,29000
2017-07-14,7.738597869873047,7.7473919321737155,7.685834334716975,7.712216521618981,114200
2017-07-17,7.7298054695129395,7.756186823439107,7.712218179778201,7.747393597895798,83600
2017-07-18,7.800155162811279,7.808949225714137,7.756185686944988,7.773773812750704,40200
2017-07-19,7.905679702758789,7.914473763771789,7.808947547559237,7.808947547559237,99400
2017-07-20,7.914474010467529,7.940855355681024,7.8880926652540335,7.905679949180416,27600
2017-07-21,7.905679702758789,7.949649169175973,7.870504297354604,7.949649169175973,59500
2017-07-24,7.896884441375732,7.9144725607282425,7.870503100994658,7.9144725607282425,47600
2017-07-25,7.905679702758789,7.923267824784789,7.896885641745788,7.914473763771789,39500
2017-07-26,8.011208534240723,8.011208534240723,7.888094994459412,7.932064475230491,31300
2017-07-27,7.826534748077393,7.9144736799807465,7.80015340396551,7.90567961906085,57900
2017-07-28,7.9232707023620605,7.9232707023620605,7.861713091562352,7.9232707023620605,25300
2017-07-31,7.940855979919434,8.037588984386266,7.888093285344715,7.9672381658547025,57400
2017-08-01,7.949650764465332,7.976032114150571,7.914475352002352,7.976032114150571,38700
2017-08-02,7.9232707023620605,7.993621538720479,7.870507155769185,7.976033410306814,37700
2017-08-03,7.9584455490112305,7.993620964664343,7.949651485435937,7.976032837513756,57800
2017-08-04,8.002415657043457,8.002415657043457,7.967240238626375,7.993621592777155,43600
2017-08-07,8.081557273864746,8.081557273864746,8.011206458320059,8.011206458320059,65000
2017-08-08,8.046382904052734,8.134321854151402,8.028795617221789,8.134321854151402,43900
2017-08-09,7.976031303405762,8.028794836060936,7.967238080169817,8.02000077417709,39700
2017-08-10,7.870505332946777,7.94965021518194,7.870505332946777,7.94965021518194,50800
2017-08-11,7.879299640655518,7.8968869268958795,7.835330167082681,7.835330167082681,27100
2017-08-14,7.949650764465332,7.967238890020814,7.879299939539372,7.879299939539372,28500
2017-08-15,7.96723747253418,7.976030695099494,7.923268005116261,7.949649350107878,29200
2017-08-16,8.020000457763672,8.028794519300565,7.967237765838047,8.028794519300565,47900
2017-08-17,7.835329055786133,7.993618802738688,7.82653499458925,7.993618802738688,102700
2017-08-18,7.940855979919434,7.949650041897857,7.87050516138787,7.914474632632075,29500
2017-08-21,7.85291862487793,7.940856737103588,7.8441245620609665,7.91447538730069,39300
2017-08-22,7.870505332946777,7.914474805149415,7.870505332946777,7.879299395116891,30500
2017-08-23,7.932063102722168,7.932063102722168,7.861711442472744,7.861711442472744,26900
2017-08-24,7.932063102722168,7.984825799599304,7.896886853273483,7.949650388798565,20300
2017-08-25,7.9584455490112305,7.976032837513756,7.940857421860644,7.976032837513756,23600
2017-08-28,7.976031303405762,7.976031303405762,7.9496499564021255,7.967238080169817,216400
2017-08-29,7.976031303405762,7.984825365289607,7.914474547514643,7.932062671282334,73500
2017-08-30,8.011208534240723,8.011208534240723,7.958445828233901,7.984827181237312,73500
2017-08-31,8.02879810333252,8.02879810333252,7.958447256928697,8.011209972407443,443400
2017-09-01,8.05517864227295,8.072766771410215,8.020003222646576,8.028797287215209,571800
2017-09-05,7.96723747253418,8.07276369114848,7.958443411321029,8.046381507509029,73900
2017-09-06,8.037589073181152,8.037589073181152,7.984825539375622,8.028795011105577,28900
2017-09-07,8.02879810333252,8.037592168795058,8.002416745593147,8.037592168795058,23700
2017-09-08,8.002415657043457,8.020002946927935,7.984827528510852,8.020002946927935,42200
2017-09-11,8.05517864227295,8.072766771410215,8.028797287215209,8.028797287215209,48000
2017-09-12,8.090350151062012,8.134319614002386,8.063968808756888,8.099144211379636,98500
2017-09-13,8.02879810333252,8.107943015198881,8.02879810333252,8.107943015198881,57900
2017-09-14,8.151909828186035,8.151909828186035,8.055176817144988,8.072764942297166,23700
2017-09-15,8.125527381896973,8.231053613508212,8.099146033656147,8.134321444193228,39900
2017-09-18,8.063970565795898,8.187084921124484,8.046382441328415,8.187084921124484,62800
2017-09-19,8.107940673828125,8.116733898103158,8.046383072014898,8.116733898103158,53500
2017-09-20,8.072765350341797,8.116733988148741,8.055177224300612,8.107940763776158,47100
2017-09-21,8.046382904052734,8.125527791411939,8.037589679961252,8.116733728672475,56200
2017-09-22,8.063970565795898,8.099145976082932,8.002413807455573,8.037589217742607,36000
2017-09-25,7.888092994689941,8.028794626568596,7.87050487138117,8.028794626568596,48100
2017-09-26,7.879299640655518,7.905680989340038,7.844124229526839,7.8968869268958795,49400
2017-09-27,7.9232707023620605,7.9232707023620605,7.861713091562352,7.88809528418285,51100
2017-09-28,7.888092994689941,7.905680279350833,7.861710809726785,7.87050487138117,29500
2017-09-29,7.896884441375732,7.949647960785572,7.870503100994658,7.949647960785572,65400
2017-10-02,7.940855979919434,7.940855979919434,7.896886508675229,7.923268694610497,86500
2017-10-03,8.020000457763672,8.028794519300565,7.958443704301153,8.002413173337752,34100
2017-10-04,8.002415657043457,8.046384301078715,7.984827528510852,8.020002946927935,50300
2017-10-05,8.002415657043457,8.046384301078715,8.002415657043457,8.011208882661633,36500
2017-10-06,8.002415657043457,8.020002946927935,7.984827528510852,8.011208882661633,62100
2017-10-09,7.96723747253418,8.055175568722179,7.958443411321029,8.055175568722179,145900
2017-10-10,8.046382904052734,8.063971029531661,8.011207491742864,8.020001554482327,44800
2017-10-11,8.063970565795898,8.07276462802964,8.046382441328415,8.07276462802964,114600
2017-10-12,8.090350151062012,8.12552555368476,8.063968808756888,8.099144211379636,34900
2017-10-13,8.125527381896973,8.143115506489483,8.107940095952403,8.107940095952403,44600
2017-10-16,8.046382904052734,8.143115916890865,8.046382904052734,8.125527791411939,64600
2017-10-17,8.134322166442871,8.134322166442871,8.072765402199316,8.081558626628386,35000
2017-10-18,8.125527381896973,8.134321444193228,8.107940095952403,8.134321444193228,27600
2017-10-19,8.05517864227295,8.063972706841582,8.011209158077943,8.063972706841582,59200
2017-10-20,8.037589073181152,8.090351768338763,8.037589073181152,8.055176358684383,50800
2017-10-23,8.05517864227295,8.125529481525696,8.05517864227295,8.116735416957065,109400
2017-10-24,8.037589073181152,8.090351768338763,8.002413663526772,8.090351768338763,122200
2017-10-25,8.05517864227295,8.222262514484342,7.97603373845157,8.222262514484342,182200
2017-10-26,8.05517864227295,8.090354061899323,8.03759135178384,8.081559997330691,32200
2017-10-27,8.18708610534668,8.18708610534668,8.063971732210199,8.063971732210199,30400
2017-10-30,8.18708610534668,8.213467457215906,8.134322562960172,8.160703914829398,67200
2017-10-31,8.18708610534668,8.213467457215906,8.178292041840919,8.213467457215906,43400
2017-11-01,8.178292274475098,8.239849043470313,8.178292274475098,8.22226175460657,112300
2017-11-02,8.204672813415527,8.24864228918643,8.195878750531747,8.222260939183087,31200
2017-11-03,8.134322166442871,8.151910292597037,8.072765402199316,8.143116229519954,38900
2017-11-06,8.204672813415527,8.231054163418872,8.15191011340884,8.169497400528403,73200
2017-11-07,8.05517864227295,8.204674385347076,8.046384577704318,8.204674385347076,54400
2017-11-08,8.160703659057617,8.160703659057617,8.09914689374271,8.134322308015232,38800
2017-11-09,8.020000457763672,8.037588580837458,7.984825050263966,8.037588580837458,71500
2017-11-10,7.9584455490112305,7.993620964664343,7.949651485435937,7.993620964664343,38100
2017-11-13,7.976031303405762,7.984825365289607,7.9496499564021255,7.984825365289607,108700
2017-11-14,7.96723747253418,7.96723747253418,7.914473943903111,7.958443411321029,58100
2017-11-15,7.896884441375732,7.932060680080752,7.870503100994658,7.923266620404497,81800
2017-11-16,7.976031303405762,7.993619427173453,7.932062671282334,7.940855894518279,38900
2017-11-17,7.896884441375732,7.896884441375732,7.879297160670913,7.896884441375732,52900
2017-11-20,7.888092994689941,7.905680279350833,7.852917586720277,7.905680279350833,62800
2017-11-21,7.888092994689941,7.914474341005219,7.87050487138117,7.914474341005219,54900
2017-11-22,7.9232707023620605,7.9408579921276035,7.879301219976018,7.88809528418285,95500
2017-11-24,7.940855979919434,7.940855979919434,7.914474632632075,7.940855979919434,29300
2017-11-27,7.8441243171691895,7.888093791233296,7.835330254626776,7.888093791233296,80500
2017-11-28,7.9584455490112305,7.958445549011231,7.879300654129713,7.879300654129713,113000
2017-11-29,7.86171293258667,7.9584459596095005,7.852919707205772,7.9584459596095005,867100
2017-11-30,7.835329055786133,7.8705044619258295,7.82653499458925,7.8617104007289464,56600
2017-12-01,7.773776531219482,7.835333315769733,7.738601105955298,7.835333315769733,55100
2017-12-04,7.61548376083374,7.817743007075487,7.606689698247584,7.71221677198552,108200
2017-12-05,7.650659561157227,7.668247687222954,7.606690084640919,7.641865498124363,47800
2017-12-06,7.650659561157227,7.650659561157227,7.615484147673783,7.641865498124363,128800
2017-12-07,7.7298054695129395,7.7298054695129395,7.597897861233982,7.597897861233982,35000
2017-12-08,7.85291862487793,7.85291862487793,7.764979674004282,7.764979674004282,175800
2017-12-11,7.8441243171691895,7.905681077670161,7.8441243171691895,7.888093791233296,81400
2017-12-12,7.835329055786133,7.852917178179899,7.808947710843318,7.852917178179899,114600
2017-12-13,7.896884441375732,7.9144725607282425,7.879297160670913,7.9144725607282425,44600
2017-12-14,7.914474010467529,7.940855355681024,7.870504542679807,7.870504542679807,112800
2017-12-15,7.9584455490112305,7.98482690108905,7.8968879426322385,7.958445549011231,87700
2017-12-18,8.02879810333252,8.055179461071893,8.011209972407443,8.037592168795058,101600
2017-12-19,7.9584455490112305,8.07276585954586,7.958445549011231,8.07276585954586,69300
2017-12-20,8.011208534240723,8.037590725892224,7.993621245121146,8.037590725892224,48800
2017-12-21,8.108009338378906,8.13465097167906,8.099128511638105,8.125770144938258,63200
2017-12-22,8.116887092590332,8.143528715805687,8.108006269211236,8.116887092590332,59600
2017-12-26,8.125767707824707,8.170170981288853,8.108006906592248,8.170170981288853,60200
2017-12-27,8.196812629699707,8.205693453801965,8.15241020303242,8.179051828417192,356800
2017-12-28,8.241216659545898,8.258978309380316,8.214575031716352,8.241216659545898,54900
2017-12-29,8.276735305786133,8.285616126619013,8.25009369020918,8.285616126619013,78800
2018-01-02,8.401066780090332,8.401066780090332,8.303380262351842,8.321141062430685,102000
2018-01-03,8.383305549621582,8.409948021446516,8.356663924718635,8.409948021446516,64200
2018-01-04,8.321141242980957,8.392186138681728,8.276737971437486,8.36554451452443,364000
2018-01-05,8.347784042358398,8.383306495209716,8.321142414450431,8.356664867301749,167200
2018-01-08,8.472110748291016,8.472110748291016,8.3655434186994,8.374424241229164,155000
2018-01-09,8.454353332519531,8.516517421254408,8.418830028188529,8.507636595171657,102900
2018-01-10,8.436591148376465,8.472113603545376,8.418829497330941,8.472113603545376,80300
2018-01-11,8.605320930480957,8.614201754282092,8.489873608754083,8.498753585633246,106000
2018-01-12,8.578678131103516,8.631962219690815,8.569797308518655,8.631962219690815,63500
2018-01-16,8.543157577514648,8.676367404989266,8.507635126239158,8.667486580439883,247500
2018-01-17,8.596441268920898,8.596441268920898,8.49875389736916,8.543157171081585,88300
2018-01-18,8.534276008605957,8.596440928107574,8.498753560428733,8.56091847993035,128800
2018-01-19,8.552038192749023,8.569798994491043,8.516515742342962,8.569798994491043,58400
2018-01-22,8.552038192749023,8.569798994491043,8.543157368417003,8.543157368417003,62700
2018-01-23,8.525396347045898,8.587560421924545,8.507634698839427,8.57867959782131,139100
2018-01-24,8.489872932434082,8.552037000245976,8.436588840793956,8.525395377886865,132900
2018-01-25,8.516517639160156,8.552040097477857,8.489876007152434,8.543159271167879,62000
2018-01-26,8.516517639160156,8.525398465470134,8.454353548834733,8.4987559865402,69100
2018-01-29,8.489872932434082,8.552037000245976,8.472111286246738,8.552037000245976,52800
2018-01-30,8.489872932434082,8.543156177152303,8.4543504869813,8.525395377886865,128200
2018-01-31,8.498754501342773,8.587561055078766,8.480993698748813,8.578680230320753,164200
2018-02-01,8.454353332519531,8.480994963845594,8.43659168035403,8.472114137762844,102700
2018-02-02,8.267858505249023,8.37442585538126,8.267858505249023,8.37442585538126,67500
2018-02-05,8.010319709777832,8.24121518794049,8.010319709777832,8.214573564868248,126000
2018-02-06,8.081366539001465,8.099127342998072,7.797186052756566,7.868230962587258,312400
2018-02-07,8.036962509155273,8.143529863963577,8.019200859892864,8.072484960758041,84600
2018-02-08,7.823829174041748,8.063605552754225,7.823829174041748,8.028083094910814,60100
2018-02-09,7.859347343444824,7.903749756329333,7.681734304219837,7.87710813921428,116000
2018-02-12,8.00144100189209,8.02808263200793,7.8948736345065775,7.903753613263757,118000
2018-02-13,8.108009338378906,8.108009338378906,8.010322784996843,8.028083591556193,74600
2018-02-14,8.214574813842773,8.223455638524438,8.001440103015174,8.001440103015174,47700
2018-02-15,8.39218807220459,8.39218807220459,8.250098248066184,8.267859899544563,95900
2018-02-16,8.427708625793457,8.463231073809329,8.374425377230635,8.418827802058999,35200
2018-02-20,8.39218807220459,8.43659135397838,8.39218807220459,8.39218807220459,52100
2018-02-21,8.436591148376465,8.525397709759808,8.409949518730317,8.445471973899227,102300
2018-02-22,8.454353332519531,8.54315905258047,8.401069222945216,8.54315905258047,47300
2018-02-23,8.401066780090332,8.472111674249588,8.34778268600992,8.472111674249588,59800
2018-02-26,8.507635116577148,8.507635116577148,8.401067762871707,8.418828565028258,81000
2018-02-27,8.383305549621582,8.525396191921935,8.383305549621582,8.4809929191357,77400
2018-02-28,8.312260627746582,8.409947996976463,8.276738179005347,8.409947996976463,65400
2018-03-01,8.258977890014648,8.338903616366983,8.196812965672812,8.321141967434448,36500
2018-03-02,8.312260627746582,8.312260627746582,8.152410031872021,8.17905165669745,93900
2018-03-05,8.338903427124023,8.347783404466732,8.250096878320797,8.258977702585522,43100
2018-03-06,8.401066780090332,8.418827580169173,8.356663509510312,8.374425156511098,54900
2018-03-07,8.41882610321045,8.436587747095217,8.34778122151497,8.38330366236271,32500
2018-03-08,8.409950256347656,8.427711062028802,8.347785319158119,8.427711062028802,42900
2018-03-09,8.472110748291016,8.48099157082078,8.427707482564047,8.472110748291016,47000
2018-03-12,8.516517639160156,8.525398465470134,8.489876007152434,8.507636812850178,31600
2018-03-13,8.498754501342773,8.578680230320753,8.44547124663883,8.54315777821077,38700
2018-03-14,8.516517639160156,8.543159271167879,8.489876007152434,8.543159271167879,40500
2018-03-15,8.525396347045898,8.59644124602778,8.489873897554958,8.552037972433604,32400
2018-03-16,8.463232040405273,8.507635317226955,8.43659041308109,8.480993689902771,76000
2018-03-19,8.507635116577148,8.525396765655744,8.44547103864615,8.480993489881298,60700
2018-03-20,8.578678131103516,8.578678131103516,8.516514066853212,8.534274865101075,47100
2018-03-21,8.605320930480957,8.649724202564663,8.534276033915816,8.534276033915816,47600
2018-03-22,8.454353332519531,8.587562336072034,8.43659168035403,8.52539824733716,77200
2018-03-23,8.338903427124023,8.4898740519363,8.338903427124023,8.445470777534686,44400
2018-03-26,8.631961822509766,8.631961822509766,8.480991233201166,8.516513674984258,51300
2018-03-27,8.498754501342773,8.658605959298733,8.4721128739908,8.658605959298733,42700
2018-03-28,8.41882610321045,8.516513450733079,8.392184484305094,8.498751806848313,101800
2018-03-29,8.454353332519531,8.489875789928345,8.356665939453652,8.418830028188529,55300
2018-04-02,8.330022811889648,8.463231791515168,8.294500360861374,8.445470989462049,77500
2018-04-03,8.525396347045898,8.534276324227132,8.436589799857545,8.463231425245251,1245000
2018-04-04,8.605320930480957,8.605320930480957,8.41882786526697,8.43658951286924,54100
2018-04-05,8.667486190795898,8.676367014946047,8.614202092817012,8.614202092817012,327400
2018-04-06,8.543157577514648,8.685247382616605,8.534276752965265,8.62308330461501,110200
2018-04-09,8.658604621887207,8.703007891896657,8.596440552027138,8.658604621887207,97900
2018-04-10,8.711889266967773,8.756291692867096,8.685246795121797,8.685246795121797,68900
2018-04-11,8.685245513916016,8.711887981831824,8.640842247644864,8.685245513916016,54700
2018-04-12,8.729649543762207,8.738530367177608,8.70300792043794,8.71188874385334,95600
2018-04-13,8.649724006652832,8.711888924930806,8.614201559174827,8.703008101330816,254000
2018-04-16,8.596441268920898,8.658605343965094,8.56979879654024,8.658605343965094,165900
2018-04-17,8.658604621887207,8.658604621887207,8.56979808186831,8.596440552027138,50800
2018-04-18,8.738532066345215,8.747412891487452,8.658606333909287,8.658606333909287,79200
2018-04-19,8.729649543762207,8.774052813917276,8.685246273607138,8.738530367177608,76300
2018-04-20,8.694127082824707,8.74741117630816,8.658604636143048,8.74741117630816,65300
2018-04-23,8.623083114624023,8.703008839963395,8.587560664131194,8.694128015609682,100900
2018-04-24,8.560918807983398,8.667486156598711,8.525396358444961,8.640843684253381,99400
2018-04-25,8.534276008605957,8.543156832380754,8.489873583575905,8.543156832380754,45700
2018-04-26,8.64084243774414,8.649723260578122,8.569797548916048,8.614200816164075,45500
2018-04-27,8.791813850402832,8.809575497711577,8.765172226361672,8.782933873670418,77000
2018-04-30,8.747410774230957,8.853978109377534,8.720768305252891,8.836216463392157,247700
2018-05-01,8.756291389465332,8.756291389465332,8.640843222898953,8.756291389465332,97900
2018-05-02,8.711889266967773,8.791814141739746,8.685246795121797,8.791814141739746,87700
2018-05-03,8.694127082824707,8.729649529506364,8.614201366060492,8.729649529506364,42200
2018-05-04,8.711889266967773,8.747411715840423,8.649724346249146,8.685246795121797,63500
2018-05-07,8.756291389465332,8.791813837107144,8.747411412746347,8.747411412746347,85200
2018-05-08,8.649724006652832,8.747411372408811,8.631963206374806,8.747411372408811,44400
2018-05-09,8.729649543762207,8.729649543762207,8.64084300345207,8.71188874385334,97700
2018-05-10,8.889501571655273,8.92502402076898,8.703008502077822,8.756291752287384,104700
2018-05-11,8.818456649780273,8.92502399683562,8.818456649780273,8.898382371802281,134600
2018-05-14,8.862859725952148,8.916143826849202,8.845098923601165,8.871740550588667,122700
2018-05-15,8.836217880249023,8.871740330993784,8.791814605087565,8.85397952908242,112000
2018-05-16,8.862859725952148,8.880621375225184,8.836218098964647,8.845098923601165,218500
2018-05-17,8.836217880249023,8.880621155410482,8.80957625392096,8.871740330993784,66100
2018-05-18,8.76517391204834,8.800696366575423,8.75629308668604,8.800696366575423,73800
2018-05-21,8.871739387512207,8.925023481423768,8.845097764017396,8.871739387512207,88400
2018-05-22,8.8983793258667,8.951662557694405,8.88061768397633,8.951662557694405,125800
2018-05-23,8.862859725952148,8.907263002212686,8.818457296613664,8.880621375225184,86900
2018-05-24,8.756291389465332,8.880620379672653,8.729649765464462,8.81845630802997,73400
2018-05-25,8.649724006652832,8.809575443764832,8.587559935296811,8.809575443764832,115400
2018-05-29,8.516517639160156,8.614204187803278,8.480995180842456,8.587562555795557,129900
2018-05-30,8.658604621887207,8.658604621887207,8.534275635245136,8.543156458631413,101400
2018-05-31,8.623083114624023,8.67636721382428,8.587560664131194,8.667486389470566,231400
2018-06-01,8.578678131103516,8.676365485693255,8.578678131103516,8.667484663108397,101100
2018-06-04,8.383305549621582,8.507634544038646,8.374425572601924,8.507634544038646,161800
2018-06-05,8.258977890014648,8.36554524284375,8.250097065548381,8.36554524284375,76300
2018-06-06,8.250097274780273,8.276738901932703,8.21457482293635,8.267858924163264,124000
2018-06-07,8.17016887664795,8.232333782252832,8.11688563975437,8.214572138673786,126300
2018-06-08,8.232336044311523,8.232336044311523,8.090245397401215,8.108007045860758,129900
2018-06-11,8.179052352905273,8.214574804670209,8.161290703561779,8.170171528233526,140800
2018-06-12,8.179052352905273,8.223455629341956,8.170171528233526,8.170171528233526,77800
2018-06-13,8.179052352905273,8.205693979998461,8.152410725812086,8.205693979998461,41200
2018-06-14,8.16128921508789,8.196811660374165,8.152409238957748,8.179050861191978,55200
2018-06-15,8.134650230407715,8.161291861280146,8.081366968662854,8.152411882270785,85800
2018-06-18,8.090246200561523,8.125768654085094,8.036962943737217,8.072485397260786,176500
2018-06-19,8.048831939697266,8.057835313903794,7.976806663263076,8.0218226756867,96500
2018-06-20,8.048831939697266,8.057835313903794,8.012819301480171,8.057835313903794,124500
2018-06-21,7.994811058044434,8.057832941718772,7.985807686488451,8.057832941718772,51800
2018-06-22,8.057833671569824,8.084842930075409,8.057833671569824,8.066837043941302,73100
2018-06-25,8.012816429138184,8.048829054445887,7.940791178522776,8.039826542075497,62100
2018-06-26,7.940793514251709,7.958800261506477,7.886774989705339,7.958800261506477,149800
2018-06-27,7.796741962432861,7.940792487407597,7.787738589969726,7.931789973553318,92100
2018-06-28,7.796741962432861,7.805745334895996,7.724716699945493,7.751725958726042,46900
2018-06-29,7.859764575958252,7.877771322542066,7.85076206127528,7.8687679492501585,39100
2018-07-02,7.859764575958252,7.859764575958252,7.760730045574083,7.805746053424682,125800
2018-07-03,7.895775318145752,7.922784570002199,7.877768577835697,7.9047778296921445,62200
2018-07-05,7.913784980773926,7.922788355230447,7.832756327883322,7.904781606317404,39700
2018-07-06,7.994811058044434,8.012816942547628,7.895776546754936,7.895776546754936,39800
2018-07-09,8.102849006652832,8.111852378281887,8.048829635487285,8.102849006652832,62800
2018-07-10,8.07583999633789,8.102849253438889,8.039827367333626,8.07583999633789,55900
2018-07-11,7.976803779602051,8.057832400950451,7.967801267259005,8.030823146703888,42300
2018-07-12,8.07583999633789,8.07583999633789,8.030823995430358,8.030823995430358,50300
2018-07-13,8.030824661254883,8.048830547945457,7.958799397274838,8.030824661254883,31500
2018-07-16,7.994811058044434,8.003814429600416,7.976804314932469,7.994811058044434,61900
2018-07-17,7.994811058044434,8.012816942547628,7.949795058873291,7.949795058873291,46100
2018-07-18,8.012816429138184,8.021819800117289,7.958797920480985,7.994810545788689,43100
2018-07-19,8.012816429138184,8.030823171096394,7.9678012914600895,7.97680380383048,92500
2018-07-20,8.057833671569824,8.093846302446885,8.012817668321286,8.039827785435717,35300
2018-07-23,8.048831939697266,8.102851326327418,8.048831939697266,8.08484457791436,59900
2018-07-24,8.147866249084473,8.183878882485365,8.066837609280237,8.102850242681129,52900
2018-07-25,8.28291130065918,8.28291130065918,8.14786417444427,8.165870057255537,34500
2018-07-26,8.17487621307373,8.246901486074549,8.17487621307373,8.219892223351488,49000
2018-07-27,8.192883491516113,8.23789864610181,8.174876742794606,8.219892755989338,44100
2018-07-30,8.21088695526123,8.21088695526123,8.156868442277581,8.192881070469609,67500
2018-07-31,8.201885223388672,8.246901232281088,8.183879334997078,8.201885223388672,36100
2018-08-01,8.156867980957031,8.192880607112325,8.138861238575018,8.156867980957031,87600
2018-08-02,8.120856285095215,8.147865543153577,8.039827652311297,8.111852912872816,49300
2018-08-03,8.07583999633789,8.120855997245423,8.057833252531356,8.120855997245423,67400
2018-08-06,8.048831939697266,8.057835313903794,8.003816785882664,8.012819301480171,55900
2018-08-07,8.039828300476074,8.102850193895971,8.030824927527831,8.093846820947729,51900
2018-08-08,8.039828300476074,8.048830814815416,8.012818181631346,8.048830814815416,37600
2018-08-09,8.021820068359375,8.057832694871307,8.00381418440778,8.012816697079206,55500
2018-08-10,7.868766784667969,7.931789529774977,7.868766784667969,7.931789529774977,60200
2018-08-13,7.787739276885986,7.895778038755436,7.787739276885986,7.8687679189836075,82200
2018-08-14,7.661694526672363,7.796741674191341,7.643687782411793,7.796741674191341,155400
2018-08-15,7.544654369354248,7.589670377987262,7.4726290989850055,7.589670377987262,110300
2018-08-16,7.634685039520264,7.643688412392592,7.598672406639843,7.616679152384501,58200
2018-08-17,7.67970085144043,7.697707596730604,7.598672214852391,7.616678960142565,216600
2018-08-20,7.787739276885986,7.796742650143263,7.724717381302917,7.733720754560194,68800
2018-08-21,7.868766784667969,7.931789529774977,7.84175752739857,7.84175752739857,39300
2018-08-22,7.850760459899902,7.886773087112843,7.841757088444478,7.886773087112843,59100
2018-08-23,7.751726150512695,7.83275478746794,7.7427236364356835,7.778736268570362,73000
2018-08-24,7.823751449584961,7.859764081879836,7.787738817290085,7.823751449584961,46400
2018-08-27,7.895775318145752,7.922784570002199,7.823749215514167,7.823749215514167,86400
2018-08-28,7.859764575958252,7.913783957100757,7.85076206127528,7.886774695833973,69000
2018-08-29,7.904780864715576,7.931790985551137,7.859764855265275,7.859764855265275,52400
2018-08-30,7.787739276885986,7.832755284563435,7.787739276885986,7.832755284563435,43600
2018-08-31,7.850760459899902,7.850760459899902,7.787737718320686,7.787737718320686,70800
2018-09-04,7.733720302581787,7.778736307628384,7.70671104299738,7.778736307628384,65700
2018-09-05,7.688704013824463,7.778736020595506,7.652691382837816,7.778736020595506,60500
2018-09-06,7.688704013824463,7.7337200172099845,7.670698127635564,7.697707386223337,63700
2018-09-07,7.643688678741455,7.688704686062814,7.634685305555399,7.661695425113569,35900
2018-09-10,7.643688678741455,7.679701312876757,7.625682790978267,7.679701312876757,93200
2018-09-11,7.670698165893555,7.697707424616038,7.6076754173959555,7.643688048562217,212400
2018-09-12,7.688704013824463,7.715713272412236,7.634684638040066,7.634684638040066,31100
2018-09-13,7.643688678741455,7.724717320198116,7.634685305555399,7.69770805924887,47100
2018-09-14,7.625682830810547,7.688704726224286,7.6076760843443765,7.643688718667788,150800
2018-09-17,7.643688678741455,7.652692051927512,7.61667941779221,7.625682790978267,44700
2018-09-18,7.733720302581787,7.760729562166193,7.661695037950783,7.661695037950783,37300
2018-09-19,7.760730743408203,7.787740007103624,7.7517273693067255,7.787740007103624,37000
2018-09-20,7.841757297515869,7.850760669211336,7.751725297778768,7.751725297778768,74500
2018-09-21,7.868766784667969,7.931789529774977,7.868766784667969,7.877770156627371,63700
2018-09-24,7.796741962432861,7.886773969846499,7.796741962432861,7.877770597383364,52500
2018-09-25,7.760730743408203,7.814750129408056,7.760730743408202,7.814750129408056,27300
2018-09-26,7.760730743408203,7.814750129408056,7.742724853814259,7.76973411750968,128300
2018-09-27,7.751726150512695,7.760729523198584,7.706711004301005,7.733720263749794,67200
2018-09-28,7.742724418640137,7.787739569399457,7.697708409271852,7.787739569399457,66300
2018-10-01,7.7247161865234375,7.760728815373548,7.71571281465871,7.742722930252891,51900
2018-10-02,7.787739276885986,7.787739276885986,7.697708120140021,7.697708120140021,27300
2018-10-03,7.751726150512695,7.83275478746794,7.7427236364356835,7.823751414782051,58300
2018-10-04,7.643688678741455,7.706711432434927,7.634685305555399,7.706711432434927,26700
2018-10-05,7.589670658111572,7.697708567652967,7.562660536769487,7.62568329462537,111300
2018-10-08,7.652690887451172,7.652690887451172,7.589669001956389,7.607674886979701,54700
2018-10-09,7.661694526672363,7.733719786496994,7.625681896760048,7.652691154542078,83100
2018-10-10,7.427610874176025,7.616677367135763,7.427610874176025,7.616677367135763,872000
2018-10-11,7.337579727172852,7.427611727924545,7.310570470390861,7.427611727924545,71100
2018-10-12,7.472628593444824,7.490634480514521,7.391599955108958,7.391599955108958,129900
2018-10-15,7.445619583129883,7.499638104758688,7.427612836847667,7.463625470803177,243200
2018-10-16,7.598672866821289,7.616679613656449,7.51764508188991,7.51764508188991,322500
2018-10-17,7.580665111541748,7.616677737733517,7.526645742949725,7.616677737733517,272600
2018-10-18,7.499638080596924,7.5716633482759,7.463625446757436,7.562659975163798,39400
2018-10-19,7.526647567749023,7.571663576054832,7.4726290446692065,7.4726290446692065,43600
2018-10-22,7.535650730133057,7.661695378138272,7.490634723087699,7.643688631876561,93600
2018-10-23,7.391599655151367,7.46362491772509,7.256552502477851,7.4366156589121575,77800
2018-10-24,7.220539093017578,7.4006022300460845,7.19352897850673,7.4006022300460845,161500
2018-10-25,7.328577041625977,7.355586297772745,7.265554299138489,7.310570298455617,155500
2018-10-26,7.274558067321777,7.328577441169142,7.18452649308352,7.2565521817785354,49600
2018-10-29,7.121504306793213,7.2925649449330505,7.085491676438853,7.2925649449330505,165800
2018-10-30,7.220539093017578,7.220539093017578,7.103497409992476,7.103497409992476,180100
2018-10-31,7.301568031311035,7.328578150152146,7.274558771078826,7.283562144025864,86400
2018-11-01,7.508641719818115,7.526647608071536,7.391600441039563,7.391600441039563,326700
2018-11-02,7.508641719818115,7.589670363480878,7.436616449586537,7.580666990049694,64300
2018-11-05,7.616679668426514,7.634685556782204,7.571663659623859,7.571663659623859,65300
2018-11-06,7.697707176208496,7.706710548361733,7.661694546204373,7.661694546204373,66100
2018-11-07,7.913784980773926,7.913784980773926,7.805747063122802,7.832756327883322,67300
2018-11-08,7.859764575958252,7.967803338243264,7.832755314691467,7.913783957100757,50700
2018-11-09,7.787739276885986,7.832755284563435,7.742724127817469,7.832755284563435,85100
2018-11-12,7.760730743408203,7.8417593931034775,7.7517273693067255,7.805746755306578,58400
2018-11-13,7.760730743408203,7.814750129408056,7.742724853814259,7.76973411750968,35700
2018-11-14,7.742724418640137,7.832755578767741,7.715714297853787,7.796742942994906,23700
2018-11-15,7.796741962432861,7.832754593676545,7.679700696238674,7.715713327482358,58300
2018-11-16,7.850760459899902,7.868766344201993,7.760728462563171,7.778735205474021,75100
2018-11-19,7.769733905792236,7.850762553279561,7.751727158079946,7.850762553279561,125000
2018-11-20,7.643688678741455,7.706711432434927,7.61667941779221,7.69770805924887,38700
2018-11-21,7.787739276885986,7.8057460234005385,7.7067114933972976,7.7067114933972976,33000
2018-11-23,7.778736114501953,7.787738628400658,7.71571336555786,7.742723483080554,15500
2018-11-26,7.832755088806152,7.877771095358554,7.805745828318274,7.805745828318274,76100
2018-11-27,7.967800617218018,7.967800617218018,7.8327526397854665,7.8327526397854665,60300
2018-11-28,8.129858016967773,8.129858016967773,7.994810881052832,8.012816765157407,63400
2018-11-29,8.102849006652832,8.120855749910941,8.039827122467008,8.120855749910941,33000
2018-11-30,8.09384536743164,8.102848738763033,8.030823485329394,8.04882936938343,242400
2018-12-03,8.183878898620605,8.192882271640807,8.111853631676816,8.174875525600404,122400
2018-12-04,8.07583999633789,8.201883768548418,8.039827367333626,8.201883768548418,171500
2018-12-06,8.039828300476074,8.039828300476074,7.841758388659236,7.92278702797562,351600
2018-12-07,7.850760459899902,8.048829480266697,7.850760459899902,8.021820224509181,48100
2018-12-10,7.859764575958252,7.8687679492501585,7.742724157599204,7.805746053424682,87600
2018-12-11,7.859764575958252,7.9497965916594495,7.814749426716588,7.9497965916594495,42000
2018-12-12,7.976803779602051,8.048829029998693,7.8777692749588475,8.048829029998693,68000
2018-12-13,7.877772808074951,8.021823373473723,7.877772808074951,8.021823373473723,54700
2018-12-14,7.886775970458984,7.931791985584868,7.850763330080093,7.922788610837877,51500
2018-12-17,7.697707176208496,7.886773698382347,7.679700431902021,7.886773698382347,64400
2018-12-18,7.656689167022705,7.793416287070722,7.6384594059202175,7.784300971877328,236300
2018-12-19,7.565537452697754,7.7478393819455205,7.529077066848201,7.684033924029844,91200
2018-12-20,7.48350191116333,7.647574094054205,7.4379262082176165,7.574653317054756,108500
2018-12-21,7.319430828094482,7.5199634296172295,7.319430828094482,7.474387719823283,95100
2018-12-24,7.301199913024902,7.428810837159346,7.292084598648378,7.428810837159346,72600
2018-12-26,7.519962310791016,7.519962310791016,7.246508961996314,7.273854470732631,353800
2018-12-27,7.48350191116333,7.510846985217065,7.328545042718444,7.4379262082176165,91800
2018-12-28,7.501730918884277,7.592882315639741,7.474385847571296,7.538192173013778,83100
2018-12-31,7.529078006744385,7.611114102467938,7.483502301421935,7.611114102467938,293700
2019-01-02,7.583768367767334,7.6384593895260195,7.483502508708093,7.529078215292948,63500
2019-01-03,7.519962310791016,7.583767773438894,7.5017316818720605,7.565538013804171,60800
2019-01-04,7.747840881347656,7.747840881347656,7.5837686786304825,7.6111146252729025,35000
2019-01-07,7.811645030975342,7.829875658988221,7.7478395714986465,7.756954885505086,103400
2019-01-08,7.902799129486084,7.902799129486084,7.7934179319324945,7.884568495251576,61100
2019-01-09,7.966602802276611,7.97571811732464,7.911912650557015,7.948373041464842,42000
2019-01-10,8.057757377624512,8.06687269625117,7.975721248553846,7.993951885807163,48800
2019-01-11,8.103330612182617,8.112445058724747,8.02129450831291,8.066870218161009,116400
2019-01-14,8.066868782043457,8.075983226962974,8.012177766105323,8.075983226962974,32400
2019-01-15,8.021293640136719,8.06686934505198,8.003063010456907,8.057754030212076,54300
2019-01-16,8.048639297485352,8.09421500569685,8.039523981986186,8.066869928483683,27900
2019-01-17,8.167135238647461,8.176250553530013,8.03040899254628,8.03040899254628,31900
2019-01-18,8.15802001953125,8.203595725194743,8.15802001953125,8.203595725194743,38200
2019-01-22,8.057757377624512,8.185368361259211,8.057757377624512,8.176253911917183,88700
2019-01-23,8.15802001953125,8.167135334520806,8.103329868162483,8.148904704541694,92400
2019-01-24,8.340322494506836,8.340322494506836,8.194480922690113,8.203596238249743,91600
2019-01-25,8.395012855529785,8.431473245604272,8.3585524654553,8.395012855529785,100300
2019-01-28,8.349437713623047,8.385898106156077,8.322092636544355,8.385898106156077,89400
2019-01-29,8.44058895111084,8.449704266372425,8.395013244087226,8.395013244087226,148200
2019-01-30,8.495277404785156,8.549968416130408,8.43147194928581,8.458817020316367,53900
2019-01-31,8.650237083435059,8.650237083435059,8.531740577859788,8.568200974245684,548600
2019-02-01,8.659353256225586,8.71404429085535,8.613777538914865,8.71404429085535,134200
2019-02-04,8.650237083435059,8.659352399852638,8.586431607080844,8.650237083435059,85000
2019-02-05,8.714041709899902,8.714041709899902,8.659350691468715,8.668466006087955,184600
2019-02-06,8.659353256225586,8.732274056208936,8.659353256225586,8.659353256225586,60700
2019-02-07,8.56820011138916,8.650236212317127,8.522625272459695,8.650236212317127,103000
2019-02-08,8.549971580505371,8.5682013448446,8.504395865730617,8.504395865730617,74000
2019-02-11,8.622892379760742,8.622892379760742,8.568201348153027,8.595547298599113,69800
2019-02-12,8.695810317993164,8.714040945632721,8.677580559637779,8.714040945632721,86300
2019-02-13,8.704927444458008,8.723157206609415,8.677582366588723,8.723157206609415,43000
2019-02-14,8.786961555480957,8.805191313499957,8.704925471185069,8.714040784836648,85100
2019-02-15,8.750504493713379,8.805194657826565,8.741389176599686,8.805194657826565,73900
2019-02-19,8.814308166503906,8.823423481747405,8.714042306678342,8.714042306678342,58200
2019-02-20,8.768733978271484,8.823425009920381,8.75050421391149,8.786964611915936,120900
2019-02-21,8.823424339294434,8.823424339294434,8.777848627931753,8.81430902316502,158700
2019-02-22,8.9054594039917,8.923689164833336,8.832537752772279,8.868998143739844,100000
2019-02-25,8.94192123413086,9.04218710810804,8.923690601070774,9.04218710810804,121700
2019-02-26,8.960147857666016,8.969263171001437,8.905457716221735,8.923687473608453,197100
2019-02-27,8.896346092224121,8.896346092224121,8.796079342521852,8.896346092224121,411600
2019-02-28,8.84165096282959,8.887226658009531,8.814305893435257,8.878111345116727,530800
2019-03-01,8.832537651062012,8.887228671525715,8.796077260514304,8.887228671525715,332100
2019-03-04,8.850767135620117,8.923687907279021,8.832536508063308,8.887227521449569,115900
2019-03-05,8.91457462310791,8.93280525481534,8.878114228977413,8.90546017653856,148700
2019-03-06,8.7960786819458,8.878114791256111,8.76873360193717,8.859885027678498,87500
2019-03-07,8.668465614318848,8.77784677695352,8.659350300111573,8.750501703615905,382600
2019-03-08,8.659353256225586,8.659353256225586,8.568201821604147,8.60466222159582,59700
2019-03-11,8.859883308410645,8.859883308410645,8.714041750952733,8.714041750952733,232700
2019-03-12,8.9328031539917,8.951032912127477,8.868996827306079,8.868996827306079,132200
2019-03-13,9.005724906921387,9.014840221625121,8.93280412786002,8.93280412786002,121600
2019-03-14,8.960147857666016,8.969263171001437,8.923687473608453,8.960147857666016,80000
2019-03-15,8.960147857666016,8.987492928388155,8.923687473608453,8.987492928388155,72900
2019-03-18,9.051300048828125,9.051300048828125,8.978379274297087,9.005724347425176,73400
2019-03-19,9.005724906921387,9.078645685982753,9.005724906921387,9.033069981748335,144000
2019-03-20,9.06953239440918,9.087763027883335,8.96926651815467,9.01484223255561,330100
2019-03-21,8.960147857666016,9.01483886839442,8.932802786943876,9.005723555059,112500
2019-03-22,8.786961555480957,8.941918410421156,8.759615614526224,8.941918410421156,116500
2019-03-25,8.768733978271484,8.796079059453705,8.695813182262594,8.768733978271484,93100
2019-03-26,8.832537651062012,8.841652966020009,8.77784749988259,8.841652966020009,298800
2019-03-27,8.750504493713379,8.832539739883158,8.732273859485995,8.786964892883665,356300
2019-03-28,8.859883308410645,8.859883308410645,8.786962529681688,8.814307604383984,63500
2019-03-29,8.896346092224121,8.923691174286336,8.869000140877418,8.869000140877418,71300
2019-04-01,8.978379249572754,8.978379249572754,8.93280354829531,8.941918862407638,90800
2019-04-02,9.014840126037598,9.014840126037598,8.969264422286434,9.014840126037598,201900
2019-04-03,9.023953437805176,9.096874206933304,9.023953437805176,9.042184064729277,216300
2019-04-04,9.096875190734863,9.10599050518271,9.033069728168403,9.033069728168403,102500
2019-04-05,9.206258773803711,9.206258773803711,9.105992036583501,9.115107352564317,89200
2019-04-08,9.197138786315918,9.20625409766679,9.188023474965048,9.20625409766679,109200
2019-04-09,9.133336067199707,9.21537128595257,9.124220753132436,9.21537128595257,138100
2019-04-10,9.242719650268555,9.242719650268555,9.151568224277407,9.151568224277407,107100
2019-04-11,9.151565551757812,9.206256565238041,9.133335793453849,9.206256565238041,133900
2019-04-12,9.133336067199707,9.160681140117328,9.115105439065163,9.160681140117328,87900
2019-04-15,9.197138786315918,9.197138786315918,9.14244778749463,9.188023474965048,195500
2019-04-16,9.188027381896973,9.206258012350741,9.188027381896973,9.206258012350741,85000
2019-04-17,9.233604431152344,9.242719747704436,9.169798953856564,9.242719747704436,116300
2019-04-18,9.206258773803711,9.224488536480964,9.178912825861266,9.215373220500148,62700
2019-04-22,9.206258773803711,9.215373220500148,9.16979837916483,9.206258773803711,122200
2019-04-23,9.28829574584961,9.28829574584961,9.197145176857676,9.206260494542231,199300
2019-04-24,9.242719650268555,9.27006473035213,9.233604333812556,9.27006473035213,169700
2019-04-25,9.206258773803711,9.215373220500148,9.160683063184013,9.206258773803711,57900
2019-04-26,9.2244873046875,9.2427179342147,9.178911600153763,9.2153719899239,82700
2019-04-29,9.2244873046875,9.270063009221237,9.2153719899239,9.270063009221237,131600
2019-04-30,9.260947227478027,9.270062541781991,9.206257080222679,9.270062541781991,623600
2019-05-01,9.2244873046875,9.361214418288714,9.2244873046875,9.297408084227776,323000
2019-05-02,9.178912162780762,9.233603185430418,9.12422200941542,9.22448787010809,83100
2019-05-03,9.315640449523926,9.315640449523926,9.233604339934388,9.233604339934388,147400
2019-05-06,9.169797897338867,9.178912343556387,9.115106873612088,9.12422218911394,214600
2019-05-07,9.2244873046875,9.251832379694038,9.169797154674423,9.188026914917362,155100
2019-05-08,9.188027381896973,9.2791787955972,9.188027381896973,9.24271840397397,126900
2019-05-09,9.115108489990234,9.133339124226769,9.00572729242449,9.096877855753702,132000
2019-05-10,9.188027381896973,9.188027381896973,9.060415576573515,9.105991283423629,231200
2019-05-13,8.9328031539917,9.023953683238906,8.868996827306079,8.951032912127477,163900
2019-05-14,9.033071517944336,9.051302150452171,8.978381358989637,8.987495805959151,110500
2019-05-15,9.051300048828125,9.105990195084303,8.941918887031568,8.996609033287745,324300
2019-05-16,9.124221801757812,9.18802726899334,9.096875856413192,9.096875856413192,79600
2019-05-17,9.005724906921387,9.078645685982753,8.996609592217652,9.069530371279019,77200
2019-05-20,8.978379249572754,8.987493694400884,8.896343161130194,8.987493694400884,79000
2019-05-21,9.096875190734863,9.151566208137709,9.023954413720558,9.023954413720558,125700
2019-05-22,9.151565551757812,9.178910623855844,9.124220479659783,9.133335793453849,187000
2019-05-23,8.978379249572754,9.078645096955773,8.93280354829531,9.060414468731114,119200
2019-05-24,9.023953437805176,9.087759762755391,9.023953437805176,9.042184064729277,43800
2019-05-28,9.151565551757812,9.151565551757812,9.07864477997362,9.10598985207165,71000
2019-05-29,9.078644752502441,9.078644752502441,9.014839294705386,9.078644752502441,60700
2019-05-30,9.151565551757812,9.169796179345946,9.10598985207165,9.10598985207165,145700
2019-05-31,9.105990409851074,9.133336352908325,9.0421849479526,9.069530021725628,517600
2019-06-03,9.251832008361816,9.27006263715731,9.15156615783928,9.15156615783928,339100
2019-06-04,9.361214637756348,9.361214637756348,9.270063226551885,9.306523617176815,354000
2019-06-05,9.342986106872559,9.361216740923005,9.288295074005696,9.297410391030919,193500
2019-06-06,9.324753761291504,9.361215022700042,9.288293369167283,9.342984391995772,103900
2019-06-07,9.488825798034668,9.516170874338579,9.38855993873079,9.434135645426844,96600
2019-06-10,9.488825798034668,9.52528618953465,9.443250091338614,9.50705642842681,130400
2019-06-11,9.525287628173828,9.56174802518056,9.488827231167098,9.56174802518056,151600
2019-06-12,9.470597267150879,9.525287426862917,9.434136870914715,9.516172110482772,273700
2019-06-13,9.570860862731934,9.570860862731934,9.497940087606237,9.516169846745557,157200
2019-06-14,9.497941017150879,9.552631169205464,9.452365310915862,9.51617077807431,365700
2019-06-17,9.450186729431152,9.477738049106742,9.42263540975556,9.477738049106742,309800
2019-06-18,9.615496635437012,9.64304795578959,9.532841798538591,9.532841798538591,394200
2019-06-19,9.643045425415039,9.661413551390675,9.56039061020558,9.63386136242722,204600
2019-06-20,9.780803680419922,9.789987744171654,9.707332922087119,9.762436428756985,204000
2019-06-21,9.744068145751953,9.75325220935712,9.707332767171795,9.744068145751953,252500
2019-06-24,9.744068145751953,9.789987587937278,9.734884957987298,9.78080352433211,213000
2019-06-25,9.643045425415039,9.762435616735317,9.643045425415039,9.762435616735317,365600
2019-06-26,9.661416053771973,9.734886825023109,9.643047923038848,9.734886825023109,275500
2019-06-27,9.744068145751953,9.744068145751953,9.624677946406315,9.643046073616649,990900
2019-06-28,9.771620750427246,9.789988002574981,9.734885370291225,9.74406855844482,238300
2019-07-01,9.84508991241455,9.918560660759104,9.789986413235933,9.918560660759104,319500
2019-07-02,9.872641563415527,9.881825626234363,9.808354875364552,9.845090250799458,284500
2019-07-03,9.964479446411133,9.99203075628019,9.918560012735805,9.936927260701726,706500
2019-07-05,9.964479446411133,9.964479446411133,9.826721145385148,9.891008702866747,355600
2019-07-08,9.955296516418457,9.973663766472722,9.90937707752212,9.964480579365814,321000
2019-07-09,9.955296516418457,9.955296516418457,9.881825764520498,9.90937707752212,134200
2019-07-10,9.964479446411133,10.010398004246111,9.936927260701726,9.99203075628019,190600
2019-07-11,9.946113586425781,10.001217094546277,9.918562270285808,9.964481714412797,178300
2019-07-12,9.900193214416504,9.927745403814734,9.87264190085874,9.909377277549247,215800
2019-07-15,9.872641563415527,9.936928251466503,9.854273437777856,9.900192876031598,180000
2019-07-16,9.863457679748535,9.918561181821966,9.854273616762887,9.872641742734181,497300
2019-07-17,9.900193214416504,9.927745403814734,9.863457837725997,9.891010027124228,163100
2019-07-18,9.964479446411133,9.964479446411133,9.872640579060477,9.891008702866747,239100
2019-07-19,9.927745819091797,9.982848448512264,9.918561755574885,9.982848448512264,165100
2019-07-22,9.955296516418457,9.964480579365814,9.900193014574763,9.9461124534711,224100
2019-07-23,9.881826400756836,9.955297157385173,9.82672289536533,9.955297157385173,165800
2019-07-24,9.900193214416504,9.909377277549247,9.845090587300977,9.891010027124228,123600
2019-07-25,9.84508991241455,9.891009349089998,9.826721787408209,9.881825286586826,112900
2019-07-26,9.863457679748535,9.872641742734181,9.808355053515555,9.872641742734181,129900
2019-07-29,9.872641563415527,9.872641563415527,9.817538062342951,9.826722125161787,127400
2019-07-30,9.762436866760254,9.78080411924726,9.661414788480306,9.725701485945676,141800
2019-07-31,9.854273796081543,9.936928612775537,9.771619855228016,9.81753841931093,301000
2019-08-01,9.872641563415527,10.09305381602496,9.872641563415527,9.872641563415527,509100
2019-08-02,9.891008377075195,9.909375624436134,9.808353574350171,9.909375624436134,173800
2019-08-05,9.53283977508545,9.725700728297948,9.431817704675282,9.725700728297948,794300
2019-08-06,9.661416053771973,9.688967374030979,9.560393086421149,9.60631253741328,237100
2019-08-07,9.909377098083496,9.909377098083496,9.661413528873485,9.716516154991064,374200
2019-08-08,10.093053817749023,10.102237880569428,9.918561003363525,9.918561003363525,1185700
2019-08-09,10.047135353088379,10.10223885951008,10.001216786217569,10.047135353088379,321600
2019-08-12,9.964479446411133,10.010398004246111,9.927744074638941,9.964479446411133,180700
2019-08-13,10.065502166748047,10.102237540954265,9.891009358228617,9.936927919106083,225000
2019-08-14,9.808356285095215,9.9369296796767,9.7808040926787,9.9369296796767,459000
2019-08-15,9.753251075744629,9.826721824365498,9.670596264586049,9.826721824365498,193300
2019-08-16,9.900193214416504,9.909377277549247,9.771619833919964,9.771619833919964,142200
2019-08-19,10.019583702087402,10.03795182889271,9.964481073352458,10.010399638684747,172900
2019-08-20,10.019583702087402,10.028767765490057,9.936928883144493,10.019583702087402,73400
2019-08-21,10.166525840759277,10.184893968698473,10.102239144653186,10.102239144653186,443000
2019-08-22,10.056319236755371,10.175709435331122,10.001216607160721,10.166525371785179,357200
2019-08-23,9.817538261413574,10.065502707507498,9.817538261413574,9.918561202788338,210300
2019-08-26,10.010401725769043,10.010401725769043,9.835908863940773,9.835908863940773,1483100
2019-08-27,9.936927795410156,10.083869290405882,9.92774460885322,10.037950730100015,157900
2019-08-28,9.946113586425781,10.010400282699235,9.891010954145836,9.946113586425781,95800
2019-08-29,10.010401725769043,10.028769856403953,9.927747765433972,10.019585791086497,230400
2019-08-30,9.982850074768066,10.083872162389591,9.946114690556543,10.037953589005673,247500
2019-09-03,10.047135353088379,10.148158302221413,10.02876810150816,10.074687544219492,428200
2019-09-04,10.194079399108887,10.212446653669529,10.102240498783678,10.102240498783678,395300
2019-09-05,10.194079399108887,10.32265280855538,10.184895333908234,10.304285553994738,293500
2019-09-06,10.102240562438965,10.212446718019237,10.102240562438965,10.212446718019237,356600
2019-09-09,10.074687957763672,10.194078163377636,10.0471357655016,10.166525971115567,394400
2019-09-10,10.010401725769043,10.047137111198188,9.927747765433972,9.982850405657352,145500
2019-09-11,10.148157119750977,10.148157119750977,10.001215620868859,10.019582870308914,319700
2019-09-12,10.102240562438965,10.239998037954138,10.102240562438965,10.230814848536284,338800
2019-09-13,10.120607376098633,10.129790564321603,10.102239247971582,10.111423312035107,104000
2019-09-16,10.175708770751953,10.175708770751953,10.120606144756074,10.120606144756074,205400
2019-09-17,10.285917282104492,10.285917282104492,10.111424424895647,10.111424424895647,147200
2019-09-18,10.285917282104492,10.304285412253135,10.194079258883235,10.285917282104492,217400
2019-09-19,10.460409164428711,10.46959235203763,10.331834903658383,10.331834903658383,402700
2019-09-20,10.451225280761719,10.469592532136007,10.341019144994451,10.469592532136007,1079100
2019-09-23,10.414490699768066,10.432857952549014,10.313467744030827,10.39612257114654,273900
2019-09-24,10.313467979431152,10.451226319715138,10.258365343990038,10.442042255194751,793200
2019-09-25,10.258362770080566,10.285914080888269,10.166523899601055,10.230811459272864,328900
2019-09-26,10.166525840759277,10.313467360910655,10.148158588660628,10.304284172781603,362200
2019-09-27,9.946113586425781,10.138974551086692,9.918562270285808,10.129790487093185,394500
2019-09-30,10.010401725769043,10.037953921721407,9.927747765433972,9.992034470974808,339700
2019-10-01,9.973665237426758,10.019584683095468,9.909378538994908,10.019584683095468,385100
2019-10-02,9.808356285095215,9.900194298961909,9.771620904380423,9.872642982385957,453200
2019-10-03,9.918563842773438,9.918563842773438,9.780805488552284,9.872644391366386,991600
2019-10-04,10.148157119750977,10.148157119750977,9.955296183508093,9.973663432948147,360000
2019-10-07,10.093053817749023,10.194076757092597,10.047134379487439,10.194076757092597,534400
2019-10-08,10.010401725769043,10.093056561944787,9.973666340339898,10.037953921721407,293200
2019-10-09,10.083869934082031,10.120606186016317,10.010399181894364,10.102238060049174,201600
2019-10-10,10.093053817749023,10.166524568631385,10.010399004046258,10.037951192507471,212600
2019-10-11,10.1389741897583,10.239996262565054,10.1389741897583,10.194077695915041,220800
2019-10-14,10.102240562438965,10.157344078149436,10.056321111987018,10.138975947632389,173200
2019-10-15,9.992032051086426,10.056318741058194,9.964480737647163,10.037951490712173,878300
2019-10-16,9.946113586425781,9.99203303055277,9.891010954145836,9.964481714412797,345400
2019-10-17,10.010401725769043,10.047137111198188,9.973666340339898,9.973666340339898,216200
2019-10-18,10.056319236755371,10.083870551552696,9.982848480068833,10.065503300301314,308400
2019-10-21,10.175708770751953,10.175708770751953,10.083869892971558,10.111422081809945,250700
2019-10-22,10.028766632080078,10.16652406418915,10.028766632080078,10.16652406418915,255600
2019-10-23,10.001214981079102,10.065501663767426,9.918560174285332,10.001214981079102,183200
2019-10-24,10.010401725769043,10.065505241833097,9.973666340339898,10.056321176515642,179000
2019-10-25,9.946113586425781,9.982848966559262,9.854274698171805,9.982848966559262,382000
2019-10-28,9.992032051086426,10.074686867244678,9.964480737647163,10.010399301432447,389100
2019-10-29,9.964479446411133,10.028766128052382,9.909375950832668,9.964479446411133,289200
2019-10-30,9.78998851776123,9.891011475331906,9.70733368914544,9.891011475331906,498900
2019-10-31,9.78998851776123,9.863459281899578,9.753253135692056,9.799172582238672,503000
2019-11-01,9.826720237731934,9.863455606111033,9.817536176677091,9.826720237731934,259100
2019-11-04,9.771620750427246,9.918562270971323,9.74406855844482,9.872642826841162,927300
2019-11-05,9.762436866760254,9.762436866760254,9.679782040967313,9.744068738432683,248700
2019-11-06,9.707332611083984,9.799171493977921,9.688965360009496,9.753252052530954,548500
2019-11-07,9.688963890075684,9.7991700073245,9.679779828011524,9.771618696972387,524100
2019-11-08,9.725702285766602,9.734886350685665,9.688966901930984,9.734886350685665,203300
2019-11-11,9.826720237731934,9.826720237731934,9.734882254704319,9.762433562028576,153300
2019-11-12,9.744068145751953,9.835907030122602,9.744068145751953,9.826722966517435,957300
2019-11-13,9.734884262084961,9.817538201101378,9.707332073239039,9.744067449193153,242000
2019-11-14,9.817538261413574,9.817538261413574,9.744067509053993,9.771619698069177,188200
2019-11-15,9.872641563415527,9.872641563415527,9.826722125161787,9.826722125161787,229000
2019-11-18,9.799172401428223,9.872643164210919,9.78080427281226,9.854275035594956,300300
2019-11-19,9.817538261413574,9.845090450428758,9.762435635064117,9.845090450428758,110600
2019-11-20,9.725702285766602,9.82672437235439,9.698150966850047,9.789988988518774,200000
2019-11-21,9.744068145751953,9.78080352433211,9.69814957940714,9.771620336567455,283800
2019-11-22,9.734884262084961,9.789986888095907,9.707332073239039,9.734884262084961,152400
2019-11-25,9.918563842773438,9.918563842773438,9.780805488552284,9.835909005408883,361700
2019-11-26,9.955296516418457,9.964480579365814,9.918561140469476,9.9461124534711,373000
2019-11-27,10.083869934082031,10.083869934082031,9.95529655567384,9.992031931767674,204900
2019-11-29,10.11142349243164,10.129790745045824,10.056319982907947,10.093055363976886,114100
2019-12-02,10.11142349243164,10.194078318796894,10.056319982907947,10.194078318796894,334500
2019-12-03,10.184894561767578,10.184894561767578,10.010400839546593,10.083871603900503,320500
2019-12-04,10.24917984008789,10.276731153939176,10.221628526236604,10.24917984008789,666700
2019-12-05,10.212445259094238,10.295100082931743,10.194078007041762,10.295100082931743,276000
2019-12-06,10.304285049438477,10.304285049438477,10.230814283112121,10.2491815367734,266000
2019-12-09,10.258362770080566,10.304282205320321,10.239994645648512,10.304282205320321,301700
2019-12-10,10.184894561767578,10.249181261617101,10.17571049726319,10.249181261617101,186300
2019-12-11,10.33183479309082,10.33183479309082,10.203260533696449,10.249179974611616,202500
2019-12-12,10.405304908752441,10.423673034325876,10.295098782833138,10.368569533446008,325300
2019-12-13,10.451225280761719,10.515511974332497,10.41448990217263,10.460409344369118,429100
2019-12-16,10.665836334228516,10.68433777517018,10.527079055955072,10.536329776425905,456500
2019-12-17,10.712090492248535,10.74909249690131,10.702839770535995,10.721341213961074,237500
2019-12-18,10.693589210510254,10.730591212669916,10.6380857661721,10.730591212669916,253400
2019-12-19,10.712090492248535,10.730591935673612,10.638086482942983,10.693589931020837,715800
2019-12-20,10.758340835571289,10.823094108821032,10.638084126538066,10.638084126538066,370100
2019-12-23,10.83234691619873,10.85084747689404,10.75834290902278,10.85084747689404,329400
2019-12-24,10.860097885131836,10.860097885131836,10.786093880090183,10.850847163952297,272800
2019-12-26,10.924851417541504,10.924851417541504,10.84159669614915,10.869347975880842,644400
2019-12-27,10.887849807739258,10.980354370895677,10.878599086764423,10.980354370895677,260200
2019-12-30,10.83234691619873,10.952603648408989,10.786094191164423,10.924852366267345,319500
2019-12-31,10.869346618652344,10.887848057628094,10.795342627143675,10.813843183922259,193800
2020-01-02,11.035858154296875,11.054358714618793,10.89709998199448,10.943352706095277,378800
2020-01-03,10.980355262756348,11.063609993897465,10.952603979775102,10.998856706208764,424200
2020-01-06,10.95260238647461,10.980353665418813,10.869347667444748,10.943351666094124,561600
2020-01-07,10.924851417541504,10.961853417916187,10.869347975880842,10.961853417916187,305900
2020-01-08,11.017355918884277,11.063608639656376,10.915600638943479,10.943351918527828,597500
2020-01-09,11.035858154296875,11.100611438719593,11.017356711777621,11.082109996200339,517500
2020-01-10,11.05435848236084,11.137613207553585,11.05435848236084,11.082109763359316,929400
2020-01-13,11.220867156982422,11.23011787740813,11.1191118788914,11.1191118788914,507900
2020-01-14,11.313370704650879,11.35962342045297,11.21161543564402,11.257868151446111,1377600
2020-01-15,11.331872940063477,11.350374380563153,11.25786894245925,11.341123660313315,753400
2020-01-16,11.4243803024292,11.442880863847773,11.368876853778703,11.415129580621219,644800
2020-01-17,11.553884506225586,11.553884506225586,11.47062979144587,11.498381951170579,1448200
2020-01-21,11.498382568359375,11.544634405988765,11.44287912812795,11.544634405988765,922300
2020-01-22,11.461380958557129,11.544634798438524,11.433628796399379,11.544634798438524,862300
2020-01-23,11.48913288116455,11.49838360240124,11.341124870166832,11.47988215992786,568400
2020-01-24,11.498382568359375,11.581637287607883,11.44287912812795,11.563135846798325,578700
2020-01-27,11.230116844177246,11.322621393331646,11.211615405028061,11.304120836379635,1545400
2020-01-28,11.452131271362305,11.452131271362305,11.267121251267065,11.294872533732011,574400
2020-01-29,11.507633209228516,11.53538537237858,11.433629205222982,11.516883930278537,891500
2020-01-30,11.38737678527832,11.38737678527832,11.28562062329739,11.322622623418473,2212200
2020-01-31,11.21161937713623,11.378128859682,11.183868090777766,11.359627413978032,1131500
2020-02-03,11.359624862670898,11.387377024993874,11.23936813919654,11.23936813919654,757200
2020-02-04,11.748147010803223,11.748147010803223,11.49838371044698,11.56313699531761,2099600
2020-02-05,11.896154403686523,11.933156404856728,11.77589767933404,11.840651843029868,1495500
2020-02-06,11.933156967163086,11.979409691354654,11.840652400977286,11.886905125168854,981800
2020-02-07,11.80364990234375,11.86840318417409,11.757397180094664,11.86840318417409,1080200
2020-02-10,11.840649604797363,11.840649604797363,11.729643622270164,11.80364761062163,748000
2020-02-11,12.145917892456055,12.145917892456055,11.960907896974827,12.007159734197199,704800
2020-02-12,12.414182662963867,12.414182662963867,12.21992194627497,12.266174665905137,1354600
2020-02-13,12.349431037902832,12.349431037902832,12.17367085622028,12.256925586259662,708300
2020-02-14,12.340178489685059,12.36792976819127,12.303176490944361,12.358679047956787,824800
2020-02-18,12.386431694030762,12.414182973624426,12.303176973052492,12.312427693649472,1413200
2020-02-19,13.080221176147461,13.080221176147461,12.663947529346405,12.682448972403057,3754600
2020-02-20,13.172724723815918,13.200476886249817,12.867457994621388,13.126472001956715,1762700
2020-02-21,13.052467346191406,13.080219507235471,12.922960790108096,13.043217508040634,1327500
2020-02-24,12.589942932128906,12.67319765759163,12.349430359033315,12.488187646672976,1550300
2020-02-25,12.247673988342285,12.710199449069991,12.182920706143545,12.710199449069991,1534900
2020-02-26,12.081164360046387,12.386431066707996,12.053412199660984,12.201420192927554,2581000
2020-02-27,11.618639945983887,11.914655958147426,11.470631057704813,11.720395229615777,1584900
2020-02-28,11.618639945983887,11.618639945983887,11.100611042500388,11.193116487400147,1727000
2020-03-02,11.738897323608398,11.76664949002405,11.396628544258782,11.637142026676594,1503200
2020-03-03,11.831401824951172,12.155170016069649,11.748147096823716,11.94240783505533,1844400
2020-03-04,12.284675598144531,12.284675598144531,11.960908315278717,12.10891631683992,1038200
2020-03-05,12.155170440673828,12.275427176370144,11.9609096956563,12.034913704977512,1471100
2020-03-06,11.785147666931152,11.90540438380154,11.572386393989325,11.812899827730101,800500
2020-03-09,10.45307445526123,10.915599865828566,10.351318300330203,10.813843710897538,2025600
2020-03-10,10.693589210510254,10.88784994239781,10.36982102996522,10.841597219148904,1810000
2020-03-11,10.036802291870117,10.471575565566054,9.814789412611457,10.443824286482691,1591200
2020-03-12,8.750981330871582,9.278260048408066,8.70472861058655,9.250508769115953,1440100
2020-03-13,9.213504791259766,9.648278857080848,8.75097945210455,9.435516742326971,636100
2020-03-16,8.121947288513184,8.695478785386134,8.121947288513184,8.436464760197753,823000
2020-03-17,8.760233879089355,8.760233879089355,8.131198869245479,8.380963081576706,1151700
2020-03-18,7.8629326820373535,8.334708854686944,7.613168514564998,8.103446128744668,724400
2020-03-19,8.047943115234375,8.149699284677926,7.474411630197161,7.687173808144945,788900
2020-03-20,8.038692474365234,8.50121795552358,7.9461879074519715,8.140448644826371,780100
2020-03-23,7.70567512512207,7.992441336898341,7.483663086313139,7.964689170399158,926200
2020-03-24,8.584470748901367,8.61222290669942,8.20520008096608,8.251452795099024,1160900
2020-03-25,9.00999641418457,9.250509882866467,8.501218194187441,8.732480941259102,744800
2020-03-26,9.343016624450684,9.481773938971267,9.139505131916003,9.139505131916003,879700
2020-03-27,8.778733253479004,9.028497432002817,8.704729248478762,8.917491424502453,561900
2020-03-30,8.852737426757812,8.861988148108018,8.658476689390211,8.78798414170106,1762500
2020-03-31,8.834237098693848,9.046998402162515,8.7879843729232,8.843487820287452,1219000
2020-04-01,8.501215934753418,8.713978064254539,8.445713384238088,8.713978064254539,439800
2020-04-02,8.575221061706543,8.778731595932939,8.44571363631025,8.510466907909816,342200
2020-04-03,8.510468482971191,8.723230658199066,8.436464478247755,8.639975932335869,391400
2020-04-06,9.084000587463379,9.084000587463379,8.741731821451951,8.797235269922872,494300
2020-04-07,9.259759902954102,9.57427735629519,9.213507180604417,9.435519189246138,708900
2020-04-08,9.528023719787598,9.574276437699606,9.26900973455646,9.352263568161414,1120100
2020-04-09,9.722285270690918,9.861042554238693,9.565026545498217,9.676032548775895,797800
2020-04-13,9.64828109741211,9.70378365696807,9.43551893325485,9.66678165653167,657400
2020-04-14,9.805540084838867,9.953548090584807,9.676032638712519,9.740785920677041,570400
2020-04-15,9.491023063659668,9.555776348572431,9.352264890307165,9.537275788110502,633100
2020-04-16,9.472522735595703,9.574278917800266,9.389267998227405,9.509524743070786,560900
2020-04-17,9.731536865234375,9.833292156825427,9.648282134751982,9.703784700275328,519900
2020-04-20,9.602028846740723,9.768538297960808,9.546525402268253,9.629780127878297,446800
2020-04-21,9.269009590148926,9.528023571344725,9.25050815039348,9.454019576717354,1355800
2020-04-22,9.500271797180176,9.528023073165144,9.370764372255064,9.370764372255064,540700
2020-04-23,9.537275314331055,9.713034599876291,9.481771871307808,9.50027331304799,383300
2020-04-24,9.426268577575684,9.574277467249374,9.306012733149108,9.565026746232773,447400
2020-04-27,9.629779815673828,9.639030536485546,9.44476981042596,9.500273253098966,327500
2020-04-28,9.824040412902832,9.925795693905437,9.722285131900227,9.870293134157574,555900
2020-04-29,10.231062889099121,10.286565446610792,9.944296734631337,10.009050012460701,783700
2020-04-30,9.953547477722168,10.175559472671292,9.870292759066933,10.175559472671292,730300
2020-05-01,9.611279487609863,9.777788055242484,9.500273481789012,9.777788055242484,785600
2020-05-04,9.666781425476074,9.666781425476074,9.481771427716186,9.574276867694758,356300
2020-05-05,9.75928783416748,9.898045125711215,9.722285830942662,9.861043122486397,584300
2020-05-06,9.861042022705078,9.962798181872687,9.768537466058541,9.84254146425467,420300
2020-05-07,9.97204875946045,10.018301482312136,9.842542194112498,9.97204875946045,496600
2020-05-08,10.295816421508789,10.295816421508789,10.11080642156648,10.17555970099697,343800
2020-05-11,10.342069625854492,10.360570185615561,10.194061618976704,10.240313459478031,477800
2020-05-12,10.258816719055176,10.545582062639573,10.249565996436978,10.388323306920078,353300
2020-05-13,9.97204875946045,10.323568218057035,9.907295476786475,10.25881493538306,714700
2020-05-14,10.046051979064941,10.046051979064941,9.64828071085943,9.82403998534132,568600
2020-05-15,9.981298446655273,10.046051722622416,9.87029245262708,10.046051722622416,265500
2020-05-18,10.54557991027832,10.554830631008437,10.277315184485897,10.295816625946133,375600
2020-05-19,10.499329566955566,10.684339596931531,10.406824110868879,10.471577400811114,544200
2020-05-20,10.675087928771973,10.786093936919313,10.582582480883856,10.758342655431811,387100
2020-05-21,10.610333442687988,10.702837997900362,10.471575286573579,10.665835999375966,281800
2020-05-22,10.480826377868652,10.554830377537845,10.45307509854202,10.527079098211214,433900
2020-05-26,10.869346618652344,10.961852049136763,10.83234462289801,10.878597338140219,869600
2020-05-27,10.961853981018066,10.980354541057128,10.61033451830267,10.961853981018066,609800
2020-05-28,10.823095321655273,11.035857486770661,10.823095321655273,10.952602764864523,555000
2020-05-29,11.026606559753418,11.045107118610131,10.832345839672968,10.86934783958366,491000
2020-06-01,11.230116844177246,11.230116844177246,11.008103985372903,11.063607420623283,448000
2020-06-02,11.322622299194336,11.341123739823722,11.20236558169506,11.294871020447502,414000
2020-06-03,11.452131271362305,11.470631832273146,11.331874537751059,11.415129267343257,1118300
2020-06-04,11.442878723144531,11.526133439446511,11.350374168962395,11.461380163299292,397900
2020-06-05,11.646390914916992,11.80364963771995,11.646390914916992,11.692643636129148,662000
2020-06-08,11.98866081237793,11.98866081237793,11.72964678334495,11.81290151322632,552600
2020-06-09,11.775897026062012,11.831400465836891,11.674141749038187,11.748145747273195,462100
2020-06-10,11.71114444732666,11.849902613949284,11.637140444673514,11.849902613949284,493200
2020-06-11,10.924851417541504,11.331873421663007,10.887849417166823,11.239367979627664,1640700
2020-06-12,11.174612998962402,11.341122416407613,10.961851749735425,11.276368263958284,659700
2020-06-15,11.391100883483887,11.437557425590022,10.926537234592226,10.99157586188991,1089000
2020-06-16,11.558343887329102,11.707005008196122,11.41897513874208,11.660548463305483,1023000
2020-06-17,11.326062202453613,11.63267504845314,11.29818862957544,11.586218502932914,524900
2020-06-18,11.409684181213379,11.465432214882203,11.270315426168724,11.27960691279435,649900
2020-06-19,11.418974876403809,11.623383137575628,11.409683390422165,11.549053021892217,508200
2020-06-22,11.521180152893066,11.56763670312348,11.409684963991069,11.502598064451897,430200
2020-06-23,11.660547256469727,11.772042421016867,11.623382201620679,11.660547256469727,642100
2020-06-24,11.474723815917969,11.660549119858615,11.335354173398775,11.614092572352218,927800
2020-06-25,11.465432167053223,11.484014254142023,11.270315379153688,11.428267106790688,365300
2020-06-26,11.158819198608398,11.50259619675788,11.149527712853988,11.474722625579505,647200
2020-06-29,11.521180152893066,11.549054614682312,11.242442623680569,11.251733224858656,533900
2020-06-30,11.632674217224121,11.660547788110549,11.47472250539296,11.502596076279387,745400
2020-07-01,11.78133487701416,11.837082020838809,11.651256731281855,11.660548217280923,1049300
2020-07-02,11.948576927185059,12.078655070006445,11.902121270399071,12.022907041344464,907100
2020-07-06,12.413141250610352,12.413141250610352,12.208733868732784,12.255189528014567,1154100
2020-07-07,12.366683959960938,12.478179122482006,12.28306236654894,12.338809504767081,763100
2020-07-08,12.77550220489502,12.77550220489502,12.450307248881886,12.450307248881886,647800
2020-07-09,12.61755084991455,12.803376164903757,12.403851959198212,12.803376164903757,939200
2020-07-10,12.598969459533691,12.598969459533691,12.48747337827747,12.571094996177113,603100
2020-07-13,12.450307846069336,12.859124432442725,12.422434269843656,12.701172690355508,987600
2020-07-14,12.803374290466309,12.812665776376727,12.320228542227795,12.450305800634192,711500
2020-07-15,13.09140396118164,13.119277532423675,12.92416076155972,13.072820989630381,1717400
2020-07-16,12.989200592041016,13.128570233320323,12.961327018219128,13.026366538583446,1223000
2020-07-17,13.202900886535645,13.202900886535645,13.035657664691717,13.109987788603469,705400
2020-07-20,13.444472312927246,13.490928855261089,13.286520600643085,13.295812086326823,1158700
2020-07-21,13.509512901306152,13.63959106150341,13.435182777217712,13.630299574471112,1392500
2020-07-22,13.621007919311523,13.648881493979395,13.47234767296959,13.528095708390298,785500
2020-07-23,13.658172607421875,13.853289396931542,13.546677425714199,13.648881120758334,1044000
2020-07-24,13.407308578491211,13.472347212521724,13.240065364029968,13.444473638806494,1489400
2020-07-27,13.676756858825684,13.676756858825684,13.463057076018943,13.472348563550762,1281100
2020-07-28,13.332978248596191,13.676755272638129,13.332978248596191,13.676755272638129,903500
2020-07-29,13.407308578491211,13.472347212521724,13.332978457860644,13.463055725921668,934700
2020-07-30,13.472347259521484,13.472347259521484,13.26793898403186,13.286521957296795,886300
2020-07-31,13.379434585571289,13.518804231180654,13.258648799895454,13.500221257332088,1086500
2020-08-03,13.704627990722656,13.732501562261042,13.39801604554582,13.518802703658643,1485600
2020-08-04,14.122735977172852,14.150609550426424,13.732502407283182,13.741793893729344,1701300
2020-08-05,14.485095977783203,14.494387464231917,14.150609554308904,14.215649073364972,1484600
2020-08-06,14.54084300994873,14.652339074286578,14.429347831695793,14.54084300994873,1249400
2020-08-07,14.754542350769043,14.884620498111078,14.503677542199021,14.53155200054117,1804600
2020-08-10,14.81028938293457,14.958950501376979,14.689503608707737,14.958950501376979,1827500
2020-08-11,14.568717956542969,14.996115711104109,14.540843496483376,14.996115711104109,1445200
2020-08-12,14.819581985473633,14.86603853310658,14.531552985102262,14.596591620137422,1363800
2020-08-13,15.07044506072998,15.209815581721463,14.828872621844704,14.866037680602815,1477900
2020-08-14,14.95895004272461,15.144774441389131,14.912492613931201,15.051863128141722,4175700
2020-08-17,15.135483741760254,15.274852474721538,15.051862147549565,15.116900771453526,1414500
2020-08-18,15.191231727600098,15.293434525646928,15.005405558510006,15.284144812145144,1735600
2020-08-19,15.246977806091309,15.460676645122161,15.23768632106785,15.256269291114766,2101900
2020-08-20,15.144776344299316,15.209816752782283,15.033282045525514,15.200525265856145,1424400
2020-08-21,15.135483741760254,15.219103563801353,15.042570662396201,15.061151860533341,1618200
2020-08-24,15.321310043334961,15.404931647997545,15.191232779268637,15.330601529649671,1707100
2020-08-25,15.674382209777832,15.683671925567484,15.39564288749491,15.51643045880188,2008000
2020-08-26,15.674382209777832,15.823042472794008,15.62792476997895,15.739420853326143,2550700
2020-08-27,15.627923965454102,15.767292733335802,15.516429660016755,15.72083706809858,2338700
2020-08-28,15.98099136352539,16.05532148173003,15.739418036317867,15.795165181928894,3465000
2020-08-31,15.925243377685547,16.111069570156545,15.841621768290588,16.036739447602127,2685600
2020-09-01,16.185400009155273,16.185400009155273,15.925243689043485,15.96240963713229,2522400
2020-09-02,16.120361328125,16.306185751551464,15.841622034730396,16.250438601740516,2322500
2020-09-03,15.116901397705078,15.915949660131279,15.070443970013654,15.89736846122437,5664400
2020-09-04,14.95895004272461,15.20052335594122,14.243521588833458,15.11690175628279,4052100
2020-09-08,14.87532901763916,15.079736395716465,14.531552006052909,14.624464208973988,2235400
2020-09-09,15.395642280578613,15.432808230952588,15.098321766267025,15.219107560642337,3647700
2020-09-10,15.051861763000488,15.423512298792078,14.996112853504593,15.386346359128147,2044100
2020-09-11,15.042572021484375,15.246979396817713,14.921784475747142,15.219104938839179,1075900
2020-09-14,15.46068000793457,15.497845956112274,15.200525459370446,15.265564096511477,1520200
2020-09-15,15.757999420166016,15.86020399845074,15.65579661405112,15.692960787501129,1693500
2020-09-16,15.850912094116211,16.008863814496266,15.776581977006174,15.92524221122625,3249900
2020-09-17,15.553593635559082,15.60005107236234,15.330603255413468,15.469972021483224,1106400
2020-09-18,15.535009384155273,15.720835571756908,15.386349142941912,15.646505451150228,1009300
2020-09-21,15.404932975769043,15.414224462884599,14.968243714357694,15.070446528288883,2367400
2020-09-22,15.48855209350586,15.525716263813544,15.256270269531369,15.525716263813544,1345100
2020-09-23,15.349183082580566,15.757997809596286,15.31201714075933,15.590756387909662,1788400
2020-09-24,15.274852752685547,15.451385657303154,14.912491913788646,15.302725436483264,2087000
2020-09-25,15.60934066772461,15.63721512959258,15.098321272001778,15.1076127592911,2127800
2020-09-28,16.31547737121582,16.343351832432923,15.999573899435164,16.036739847724633,2629600
2020-09-29,16.705711364746094,16.770750003629633,16.49201247350875,16.55705111239229,1884400
2020-09-30,17.179563522338867,17.346806719477136,16.87295158497526,16.92869872663146,3217600
2020-10-01,17.737037658691406,17.74632914296877,17.393259829106604,17.56050300176032,3378600
2020-10-02,17.72774887084961,17.904283554632066,17.300351162099094,17.300351162099094,3081000
2020-10-05,18.536094665527344,18.573258844663872,17.950743337638638,18.03436495590845,4918700
2020-10-06,18.66617202758789,19.000658502043855,18.443181635340615,18.72191918260718,6323300
2020-10-07,19.59529685974121,19.66962698029289,18.954198462376816,19.065694529289264,7683200
2020-10-08,19.57671356201172,20.199228975875467,19.344431717617333,20.180646003003158,6254300
2020-10-09,19.883323669433594,19.9576537818136,19.40017705287871,19.437342995153546,3122000
2020-10-12,19.474510192871094,20.05986146951398,19.24222833405057,20.041278495487553,5618300
2020-10-13,19.40947151184082,19.567423246366634,19.177189653548155,19.26081126430711,3185700
2020-10-14,19.641752243041992,19.771831281297192,19.520966463415558,19.688209675336648,3093300
2020-10-15,19.49309539794922,19.54884432640916,19.084280555597193,19.23294082048341,2737700
2020-10-16,19.40947151184082,19.76254092886084,19.372307336042365,19.613880681327128,2161500
2020-10-19,19.26081085205078,19.548841626131065,19.20506370346133,19.34443246101991,3680100
2020-10-20,19.651042938232422,19.781121971249863,19.40946961653691,19.493091219130346,2844700
2020-10-21,18.796245574951172,19.57671267867376,18.77766260291736,19.53025702075898,5113100
2020-10-22,18.731204986572266,18.80553509476622,18.350262960557053,18.721913501526828,3766600
2020-10-23,18.786956787109375,18.96349150244493,18.591840869241135,18.861286913750135,2831300
2020-10-26,18.39672088623047,18.712624328121905,18.127274875305297,18.480342489799956,3844600
2020-10-27,18.257354736328125,18.53609404529064,18.210899070919393,18.396723504724363,2610700
2020-10-28,17.97861671447754,18.28522870554497,17.913578075792024,17.987908201742613,7966900
2020-10-29,18.350265502929688,18.433887107754597,18.07152800162653,18.20160526594536,5313700
2020-10-30,18.173728942871094,18.35026362074653,17.885699984778263,18.313097679227646,3463400
2020-11-02,18.498926162719727,18.508217649264836,18.183022708865387,18.275935802146638,4108600
2020-11-03,18.72191619873047,18.83341226316905,18.545381501773477,18.610421906461713,5111000
2020-11-04,18.480344772338867,18.55467489889574,17.960033886440755,18.38743344327028,7653300
2020-11-05,19.781124114990234,19.79970531700377,19.232938781766862,19.41876320709193,5942000
2020-11-06,19.92978286743164,20.06915161900162,19.67891805130379,20.03198567342572,4891300
2020-11-09,19.96694564819336,21.323472440212367,19.929781477379393,21.23985084066881,9398700
2020-11-10,19.669626235961914,20.078442769610792,19.418761424029434,20.078442769610792,6391400
2020-11-11,20.301433563232422,20.366472196143643,19.92049148003542,19.99482159938679,4981900
2020-11-12,20.069150924682617,20.56158728133803,19.985529322199664,20.515131623145177,4536500
2020-11-13,20.162065505981445,20.357181411440994,20.0134052621542,20.31072574980869,3507500
2020-11-16,20.264270782470703,20.310728221927466,20.01340769808463,20.310728221927466,3905100
2020-11-17,20.301433563232422,20.301433563232422,19.92049148003542,20.07844320517831,2756100
2020-11-18,20.004114151000977,20.357181793677583,20.004114151000977,20.357181793677583,3838400
2020-11-19,20.29214096069336,20.310723932551568,20.106314786450742,20.12489775830895,3145500
2020-11-20,20.524423599243164,20.635917890435874,20.375763362873013,20.468676453646808,2929400
2020-11-23,20.914661407470703,20.942535872011018,20.56159194530739,20.812456809659718,4543800
2020-11-24,21.202688217163086,21.34205698083192,20.775290438956002,21.109775117327207,6381100
2020-11-25,21.565046310424805,21.60221225742321,21.202687188039814,21.211978674789414,4788900
2020-11-27,21.918115615844727,22.131814493577636,21.815911034246426,21.899532642432327,3694600
2020-11-30,21.862369537353516,22.484884999765153,21.68583482563888,22.484884999765153,5404600
2020-12-01,21.657957077026367,22.001734961118082,21.63937587769496,21.992443475367526,4700300
2020-12-02,21.462841033935547,21.56504383209588,21.10977166670621,21.34205349224194,3798500
2020-12-03,21.314178466796875,21.648663053762252,21.277012528151,21.58362443330147,5869500
2020-12-04,21.379220962524414,21.55575565875257,21.34205501714172,21.379220962524414,2548400
2020-12-07,21.472131729125977,21.72299474462014,21.45354875844652,21.54646183967418,3658900
2020-12-08,22.048189163208008,22.085355103758435,21.62079147989563,21.630082965033235,3398200
2020-12-09,21.50929832458496,22.252601286081894,21.332763627556087,22.22472682691844,4234500
2020-12-10,21.834491729736328,21.853074701210023,21.36992807591215,21.388511047385848,3120000
2020-12-11,21.955278396606445,22.159687546825545,21.732288046324513,21.741579532440817,2608000
2020-12-14,22.271587371826172,22.41113330061949,22.16925286264712,22.346011985477457,4152100
2020-12-15,23.31352996826172,23.350743159114817,22.476252692715672,22.61579860956958,5568800
2020-12-16,23.31352996826172,23.378651277832038,22.885588919986724,23.378651277832038,5858400
2020-12-17,23.778684616088867,23.778684616088867,23.490289479710952,23.685653411779743,7603700
2020-12-18,24.10429573059082,24.448510694001538,23.87171858014172,23.94614319730852,5670700
2020-12-21,24.52293586730957,24.54154069120607,23.862415822354706,23.946143740369028,5370700
2020-12-22,25.41602897644043,25.54627160395637,24.848540200396304,25.12763382647396,7801700
2020-12-23,25.825366973876953,26.383552489300705,25.69512433756645,26.383552489300705,6492200
2020-12-24,25.778850555419922,26.11376222054925,25.54627340450741,26.104458921582008,4741600
2020-12-28,25.98351287841797,26.69054744766186,25.936996395586036,26.69054744766186,7088400
2020-12-29,25.73233413696289,26.290519617203547,25.481150404691185,26.281216318850216,6898800
2020-12-30,26.331756591796875,26.396910881862656,25.968751328782712,26.03390561884849,5452700
2020-12-31,26.285213470458984,26.657524923942898,26.089750623125322,26.657524923942898,4218500
2021-01-04,26.69475746154785,27.197377489421616,26.322446001026343,27.057760913641186,9237800
2021-01-05,27.262537002563477,27.42076783992691,26.759915135686786,26.778531154901767,10744800
2021-01-06,29.226478576660156,29.943177506951987,28.314315010600613,28.491163628614988,21173200
2021-01-07,31.097349166870117,31.45104644172594,30.362032362784475,30.687807383266293,22989400
2021-01-08,30.864656448364258,31.87920652053247,30.371344315785127,31.78612996554723,17693900
2021-01-11,29.82217788696289,30.110717277497887,28.97516685598719,29.487096678019586,13352100
2021-01-12,30.1851863861084,30.222418426794356,29.505717621482436,30.175876600615496,11013300
2021-01-13,30.334110260009766,30.56680518266997,29.75702607067106,30.56680518266997,9705300
2021-01-14,30.064178466796875,30.343411618992825,29.831483581526555,30.0269464329995,9184200
2021-01-15,28.444625854492188,29.38471352221327,28.17470067680983,29.282327191719286,12308200
2021-01-19,29.226478576660156,29.356788925612353,28.668010471308193,29.02170770733694,11612600
2021-01-20,29.11478614807129,29.403327323224847,28.826243197596558,29.375403296472758,8887600
2021-01-21,30.39925765991211,30.41787367558004,29.114782759281315,29.384707885182447,9465300
2021-01-22,30.622650146484375,30.65057239817507,29.933871682760746,30.02694822215798,6665000
2021-01-25,30.231719970703125,31.24626984279318,29.8314844720392,30.706419539184658,10297400
2021-01-26,29.933870315551758,30.343412041093384,29.747713694617484,30.259641739205072,7129000
2021-01-27,28.053695678710938,28.770396373867193,27.57899788485372,28.33293061497343,12571500
2021-01-28,28.686628341674805,28.751782632698053,27.99785161820987,28.435317411738318,12144500
2021-01-29,27.737232208251953,28.612165555787463,27.346304693423004,28.342240386795776,9698000
2021-02-01,28.360857009887695,28.38878104019047,27.66277223021088,28.379473030089546,6671400
2021-02-02,28.668012619018555,28.919323551552473,28.29570111266532,28.807630987307153,10789400
2021-02-03,29.179941177368164,29.31955776403743,28.584241018753417,29.040324590698894,6589100
2021-02-04,28.807628631591797,29.058937768253863,28.68662629234603,29.003091490697976,5928400
2021-02-05,29.02170753479004,29.161324116467654,28.658704067364006,29.040323552432696,5828200
2021-02-08,29.31024742126465,29.505712047296125,29.086860545315158,29.114784570554246,6450800
2021-02-09,29.049633026123047,29.310251976226162,28.69593752806722,28.8262461154581,6106500
2021-02-10,28.658706665039062,29.4870999966916,28.314317408718487,29.24509707136496,6678200
2021-02-11,28.807628631591797,29.021707508323658,28.621472005977306,28.99378348188514,4458800
2021-02-12,28.221235275268555,28.332929600839854,27.699999231685,28.06300268297984,6069800
2021-02-16,27.90477180480957,28.76108910238732,27.551076340195827,28.74247308442839,7989300
2021-02-17,27.439382553100586,27.709309492906115,26.8902224396463,27.709309492906115,7708500
2021-02-18,26.015289306640625,26.56444938683956,25.736054374580206,26.545833369637975,11352700
2021-02-19,26.51791000366211,26.89022148035219,26.378293421818476,26.4341396994917,6861600
2021-02-22,24.758737564086914,25.857057769440814,24.674967258572046,25.838441751477244,10240100
2021-02-23,24.414348602294922,24.423656611379357,22.748254033247466,23.632493592414384,16636700
2021-02-24,24.935585021972656,24.935585021972656,23.837264867806095,24.405039186664236,8236300
2021-02-25,23.734878540039062,24.88904496973184,23.539415686569342,24.647042073539968,10893300
2021-02-26,24.060651779174805,24.284038658661864,23.3532591064719,23.846572908248177,8838700
2021-03-01,24.97281837463379,25.05658868662253,24.488812522103586,24.78666173125407,5432800
2021-03-02,24.172348022460938,24.95420310771824,24.13511775785512,24.87974080318523,5318600
2021-03-03,22.59002113342285,23.958266495122977,22.54348108861056,23.74418761494998,9225600
2021-03-04,21.687164306640625,22.7761765265642,21.007695614166586,22.403865035847,15035500
2021-03-05,21.380008697509766,22.05947921591972,19.92799288788944,22.003631156661022,16676500
2021-03-08,20.728464126586914,21.62201177701413,20.6633098323251,21.175237951800522,10265400
2021-03-09,22.459712982177734,22.655177638883877,21.910554602197035,21.985016905865717,9672800
2021-03-10,22.450408935546875,23.22295607714415,22.180481948866106,23.18572403402065,8560600
2021-03-11,23.87449836730957,23.90242239674382,23.18572161915684,23.343954235308235,8023700
2021-03-12,23.68834686279297,23.744193154275017,22.99026200564176,23.213648946891556,5204900
2021-03-15,23.558027267456055,23.64179755957296,23.157791821857703,23.44633472818078,4867900
2021-03-16,23.018178939819336,23.585955060416932,22.794792050236968,23.464952718984076,7287700
2021-03-17,22.385250091552734,22.617945006331126,21.808167697082258,22.152555176774342,8889100
2021-03-18,21.165929794311523,22.0129391644533,21.11008351037947,21.88263057683806,10105500
2021-03-19,21.724397659301758,21.91055430359718,21.249699814137628,21.38931640969853,7793700
2021-03-22,22.24563217163086,22.48763508161253,21.826782415191246,22.0594773160981,6419100
2021-03-23,21.826780319213867,22.403862623867052,21.71508599636301,22.39455461568606,4929600
2021-03-24,20.849462509155273,21.687163787028428,20.849462509155273,21.677857553389543,6054900
2021-03-25,20.95185089111328,20.95185089111328,20.086225501304003,20.24445811853066,13359500
2021-03-26,21.370698928833008,21.398622956164218,20.87738687323008,21.14731203614695,6878900
2021-03-29,20.858768463134766,21.473082791408324,20.77499816606828,21.417236518471,5177000
2021-03-30,21.864011764526367,21.87331977321308,20.951848217082212,20.979772243142346,8981600
2021-03-31,22.617944717407227,22.79479334746969,22.26424923260359,22.403865824622887,12207800
2021-04-01,22.506254196166992,23.213647005285292,22.469022154745343,23.176414963863643,9290900
2021-04-05,22.161861419677734,22.943716413029964,22.10601514167291,22.92510039525463,9115200
2021-04-06,22.161861419677734,22.422480342568868,22.022244837005086,22.10601514167291,6499600
2021-04-07,21.538240432739258,22.18047888534266,21.44516388842912,22.18047888534266,5636500
2021-04-08,21.817474365234375,22.01293722947569,21.73370405903918,21.89193666237219,4851600
2021-04-09,21.845396041870117,21.873320068306974,21.55685486997386,21.60339313871414,4534500
2021-04-12,21.407926559448242,21.622005398965722,21.175231705541197,21.59408315270222,6489100
2021-04-13,21.845396041870117,21.845396041870117,21.35208400206703,21.547546861161578,6395200
2021-04-14,21.77093505859375,22.329403193735725,21.73370479642229,22.087400275996828,7942600
2021-04-15,21.454463958740234,22.00362393393867,21.277617155101993,21.975701688796196,5621800
2021-04-16,22.171167373657227,22.23632165451097,21.68716160828512,21.780239913213755,6558700
2021-04-19,21.631319046020508,22.161863167204196,21.454470413852174,22.12463290403899,6605300
2021-04-20,21.435855865478516,21.68716502040794,21.25900723582195,21.45447010913609,4577700
2021-04-21,21.854705810546875,21.864013820108696,21.156621071302073,21.25900740116079,5719500
2021-04-22,22.385250091552734,22.692407308047358,22.245633497749964,22.571406733503974,9553700
2021-04-23,22.80409812927246,22.859944403111403,22.45970892740342,22.590019266788993,6351500
2021-04-26,22.915796279907227,22.953026543578098,22.580715030262738,22.897180260411126,5846100
2021-04-27,22.841331481933594,22.971640053528024,22.711021135018026,22.93440801860325,4825800
2021-04-28,22.375944137573242,22.580715026027953,22.15255545430459,22.357328118080634,5060400
2021-04-29,22.03155517578125,22.38525067431083,21.770936225329056,22.338712400272136,7842600
2021-04-30,21.631319046020508,21.845397941354047,21.482394442717062,21.70578134767223,5308000
2021-05-03,21.324161529541016,21.724397061029073,21.277623257409456,21.705781042047935,5625700
2021-05-04,20.449228286743164,20.73777125669121,20.27238143134167,20.709847228054574,9552000
2021-05-05,20.421306610107422,20.747079852115906,20.337536297153203,20.747079852115906,5545300
2021-05-06,20.151376724243164,20.263071050396768,19.825603529559658,20.132760707330714,10523900
2021-05-07,20.514381408691406,20.784306545478906,20.34684081156487,20.477149375853937,6773800
2021-05-10,19.900066375732422,20.477150488831708,19.881452133623004,20.33753390874481,5055600
2021-05-11,19.946605682373047,20.011759965651706,19.02513415745831,19.04374839888002,9139000
2021-05-12,19.276445388793945,19.77906724385071,19.229907117172214,19.685988925285987,7322900
2021-05-13,19.350910186767578,19.676681650931613,19.136829513475217,19.56498908473861,6798100
2021-05-14,20.104841232299805,20.179303534906342,19.723221709526133,19.806992021873654,7225500
2021-05-17,19.91868019104004,20.021066500267573,19.704601340219682,19.965220229471164,4430900
2021-05-18,20.290996551513672,20.477153199822425,20.030379374267063,20.160687962890368,6791900
2021-05-19,20.449228286743164,20.477152315379804,19.89076191658075,19.92799217944164,6762900
2021-05-20,20.9704647064209,21.017002975580724,20.691229765498434,20.765692061346858,5401100
2021-05-21,21.017005920410156,21.138006502372583,20.961159634529146,21.1287002674936,3246700
2021-05-24,21.054235458374023,21.193852044140236,20.93323311547442,21.1566200077646,3013600
2021-05-25,20.998390197753906,21.17523884342637,20.90531186975148,21.12870056708588,2801700
2021-05-26,21.24970054626465,21.296238821281246,21.017005620538875,21.063543895555473,3619200
2021-05-27,21.2310791015625,21.324157403135466,21.11938655993169,21.305541387756683,4645200
2021-05-28,21.333467483520508,21.55685436380666,21.286929215872973,21.361391509301694,3526200
2021-06-01,21.286928176879883,21.67785564213016,21.14730983010969,21.603391577014847,4519100
2021-06-02,20.942543029785156,21.0356213538707,20.821542451198912,21.007697324048625,5270200
2021-06-03,20.560922622680664,20.802925544862283,20.46784430256138,20.663308952344007,6368800
2021-06-04,20.75638771057129,20.951852381197966,20.709849433209524,20.737773464819472,4013300
2021-06-07,20.86808204650879,20.877390057038667,20.55161678977885,20.7191574286737,3643100
2021-06-08,20.95185089111328,21.05423722441328,20.700539950461295,21.05423722441328,3965300
2021-06-09,20.821542739868164,21.110083950744436,20.812234729798426,20.998389605228986,2920000
2021-06-10,20.90951919555664,21.003116325441262,20.66616737194333,20.759764501827952,2695000
2021-06-11,21.087356567382812,21.087356567382812,20.918882066637266,20.98439953132342,3253300
2021-06-14,21.340065002441406,21.480461599802606,21.28390743462706,21.30262721897081,4377700
2021-06-15,21.096715927124023,21.368145671853068,20.975039108452712,21.311988101429296,2800700
2021-06-16,21.209030151367188,21.527259345377068,21.059275446564524,21.209030151367188,3852100
2021-06-17,21.330703735351562,21.396221185631397,20.96567513559493,21.021832695089554,3491400
2021-06-18,20.975038528442383,21.199670589142826,20.956318743746447,21.087355451401066,4651500
2021-06-21,21.1903133392334,21.246472700324293,20.872084100586918,21.077998187485903,3541900
2021-06-22,21.40558624267578,21.48046360181255,21.0686372339518,21.106075020911653,3588300
2021-06-23,21.368144989013672,21.480461911488998,21.23711006713989,21.358785096705986,3039700
2021-06-24,21.50853729248047,21.658291981488595,21.424300056761307,21.611494310629823,3415400
2021-06-25,21.574054718017578,21.75188908044224,21.527257047219003,21.60213439162675,3726800
2021-06-28,22.144996643066406,22.15435653471672,21.714452338452862,21.761250011487625,6291500
2021-06-29,22.285390853881836,22.594260129249104,22.238593182093393,22.435145545864952,4563600
2021-06-30,21.95780372619629,22.079480539890604,21.826768805494936,22.013963079539927,3782100
2021-07-01,22.03268051147461,22.08883807360519,21.808046692518865,22.051398508706992,2936600
2021-07-02,21.985881805419922,22.079478935641845,21.84548700269542,21.99524169696379,2494400
2021-07-06,22.135639190673828,22.154358976037297,21.96716469283661,22.14499908335556,4233000
2021-07-07,22.060758590698242,22.52874244467221,21.985881245471077,22.40706742813434,4090700
2021-07-08,21.677013397216797,21.79869020696433,21.340064428952058,21.489819129243756,4198700
2021-07-09,21.733171463012695,21.779970923689966,21.489819623141553,21.714453463958673,2802000
2021-07-12,21.985881805419922,22.03268126313927,21.751889872473498,21.99524169696379,4430600
2021-07-13,21.723814010620117,22.02332523694128,21.68637622309065,21.83613094364269,3671700
2021-07-14,21.1903133392334,21.77997413416776,21.17159533742025,21.77997413416776,5526500
2021-07-15,20.76912498474121,21.096714056057138,20.57257082786493,20.909519790957518,6537100
2021-07-16,20.684886932373047,20.975036425197978,20.628729369133293,20.975036425197978,3606000
2021-07-19,20.535133361816406,20.535133361816406,20.179464609700116,20.263701851768875,6995200
2021-07-20,20.74104881286621,20.815926174510533,20.329222431213864,20.516416727933237,3657700
2021-07-21,21.396223068237305,21.405582959846072,20.90015952427348,20.928239199099774,4703700
2021-07-22,21.40558624267578,21.63021832008608,21.283909418317872,21.57405896182071,4726800
2021-07-23,21.115434646606445,21.311988827612485,20.965679930229005,21.311988827612485,2851700
2021-07-26,20.946958541870117,21.15287260004881,20.79720383694938,20.984398110708753,4143300
2021-07-27,20.797199249267578,20.806559139412524,20.497689905495264,20.741041693614395,4056800
2021-07-28,21.368144989013672,21.44302234225825,20.85336340860932,20.918880869546207,5833500
2021-07-29,21.31198501586914,21.53661705025886,21.283905342114156,21.386862360665713,3946100
2021-07-30,21.255830764770508,21.46174485124468,21.096717930992675,21.11543593276721,3227000
2021-08-02,21.274547576904297,21.51789941811636,21.237109793373076,21.51789941811636,2730400
2021-08-03,21.686372756958008,21.779969888647674,21.50853838526932,21.545977952031908,3482900
2021-08-04,21.639575958251953,21.854848120186322,21.574056713769565,21.72381141643842,2656600
2021-08-05,21.480459213256836,21.66765168024595,21.471099322124875,21.639573792066763,2580500
2021-08-06,21.452381134033203,21.639575400149816,21.386863676457438,21.602135832839764,2702600
2021-08-09,21.78933334350586,21.85485081083753,21.508541902519575,21.5834192630725,3436900
2021-08-10,21.761249542236328,21.995241472798007,21.75188965078785,21.92972401787542,3786500
2021-08-11,21.630212783813477,21.85484480372901,21.414938869329898,21.84548491308045,2685900
2021-08-12,21.358783721923828,21.43366107034884,21.199669133368577,21.405583180449963,3659100
2021-08-13,21.152873992919922,21.461743315309437,21.134154207267947,21.443023529657463,3042100
2021-08-16,20.984397888183594,21.11543280729548,20.93760021284846,21.059275239849942,2845600
2021-08-17,20.759767532348633,20.872082676432584,20.516415673210705,20.759767532348633,4057600
2021-08-18,20.890804290771484,21.134156171210165,20.890804290771484,21.021839232078012,3240300
2021-08-19,20.890804290771484,21.096718381644234,20.844006607509776,20.90952407816304,4593600
2021-08-20,21.227746963500977,21.246466745284426,20.91887770494069,20.91887770494069,3962100
2021-08-23,21.499177932739258,21.536617498525175,21.283905785120492,21.349423240029093,2556400
2021-08-24,21.630212783813477,21.714450014433876,21.55533544384163,21.55533544384163,2352800
2021-08-25,21.705093383789062,21.75189105884403,21.564698573407288,21.686373599680326,3410400
2021-08-26,21.452381134033203,21.714452749553097,21.41494156672315,21.59277594101225,2737500
2021-08-27,21.639575958251953,21.695733525448553,21.368144443904107,21.396224120110844,2300700
2021-08-30,21.85485076904297,21.92036823624935,21.714455941426863,21.770613515429886,2027900
2021-08-31,21.836130142211914,21.976524964424534,21.751892891840935,21.939087178269112,2324200
2021-09-01,22.00460433959961,22.163718945304907,21.94844676853215,21.985884554171456,2978300
2021-09-02,22.266674041748047,22.407068849804578,22.201154798452613,22.201154798452613,3096500
2021-09-03,22.088842391967773,22.21987732429532,22.079482498913368,22.144999965077144,2160300
2021-09-07,21.911008834838867,22.042043772192702,21.86421115298882,21.920368728252303,2247200
2021-09-08,21.489818572998047,21.90164488074886,21.461740683180654,21.7612500760115,4617200
2021-09-09,21.46173858642578,21.620853158974196,21.414939132607643,21.471098477189408,3039500
2021-09-10,21.124794006347656,21.564700036668178,21.11543411365818,21.555340143978697,3954700
2021-09-13,21.545978546142578,21.57405643677194,21.19030979295796,21.396223845396484,4370200
2021-09-14,21.414941787719727,21.639575623464555,21.368144113316045,21.57405637999582,4677900
2021-09-15,21.115434646606445,21.237111469423763,21.012479394857603,21.237111469423763,4401200
2021-09-16,20.975038528442383,21.021836204965293,20.79720414426485,20.890801282527597,3238800
2021-09-17,21.07799530029297,21.08735519252603,20.7972038889518,20.928240594997774,5948200
2021-09-20,20.516414642333984,20.694249027617893,20.27306279542362,20.58193210396044,4780200
2021-09-21,20.759767532348633,20.872082676432584,20.638090710171156,20.72232796084263,3177100
2021-09-22,21.049915313720703,21.190310124716103,20.806563474894137,20.872080934344197,4872800
2021-09-23,21.237110137939453,21.34942527557229,21.18095078390611,21.34942527557229,3965900
2021-09-24,20.82528305053711,21.059274994925165,20.797203374532472,21.031195318920528,4585000
2021-09-27,20.993759155273438,21.05927661912043,20.68488983626835,20.77848697828562,2395400
2021-09-28,20.535133361816406,20.797203194726468,20.48833390221329,20.75976541226082,4345100
2021-09-29,20.31985855102539,20.59129004949091,20.282420770157216,20.581930157969676,3855000
2021-09-30,20.26369857788086,20.3947352583819,20.142023573004774,20.26369857788086,3133100
2021-10-01,20.376018524169922,20.478973763622985,20.151386476431206,20.357298740554157,2905100
2021-10-04,19.842517852783203,20.151387151929708,19.74892071678371,20.151387151929708,5615200
2021-10-05,19.87995719909668,20.001634021027815,19.777000162880643,19.851877520524027,4059100
2021-10-06,19.926753997802734,19.945471995796925,19.486848018428745,19.589805040872324,3967900
2021-10-07,20.13266372680664,20.273058512807825,20.029706717304713,20.029706717304713,5268400
2021-10-08,19.97355079650879,20.11394559401342,19.908033343354408,20.076507814446646,3688400
2021-10-11,20.048431396484375,20.291783251444294,19.851877219886482,19.879956898033893,2765200
2021-10-12,20.806562423706055,20.82528220695085,20.329218662264537,20.34793844550933,7538300
2021-10-13,21.480459213256836,21.51789699256798,21.124790491109138,21.1341503822411,9102700
2021-10-14,21.396223068237305,21.59277543637101,21.283906154148912,21.59277543637101,5966100
2021-10-15,21.46173858642578,21.648931046048453,21.368141464006133,21.48981647350004,5739400
2021-10-18,21.545978546142578,21.592776220669414,21.265187143331012,21.321346495023434,3037100
2021-10-19,22.07012176513672,22.201156692472722,21.667655305213852,21.751892554277568,4279700
2021-10-20,22.20115852355957,22.34155514038993,22.051403798476517,22.28539577957093,3592200
2021-10-21,22.229232788085938,22.425785147413414,22.088837990678208,22.088837990678208,2276200
2021-10-22,22.05139923095703,22.332190621240123,21.90164453689276,22.332190621240123,3073400
2021-10-25,22.378990173339844,22.39770995797439,22.042041190785753,22.126278436424275,3105900
2021-10-26,22.229232788085938,22.54746194765903,22.11691587902973,22.50066427692869,3900400
2021-10-27,22.893768310546875,23.221357351507123,22.80017297188679,22.828250859398157,7563300
2021-10-28,23.68934440612793,23.736143867036787,23.06224591168439,23.099685480411477,6749000
2021-10-29,23.65190315246582,23.70806071210025,23.49278857915441,23.49278857915441,5870100
2021-11-01,24.13861083984375,24.147968947016064,23.792301962309228,23.885899100984794,8791800
2021-11-02,23.679983139038086,24.007572205512023,23.50215055356043,24.007572205512023,6339000
2021-11-03,23.137123107910156,23.17456267638479,22.659779321159856,22.875053269455243,6682300
2021-11-04,23.015445709228516,23.099682944399532,22.856331130040672,23.043525382691087,3931400
2021-11-05,22.725297927856445,22.9312101930342,22.519383877461856,22.837613059692735,5524600
2021-11-08,23.137123107910156,23.258799920235838,23.01544808080136,23.06224575617777,4733900
2021-11-09,23.015445709228516,23.305595194141628,22.800173568332227,23.258797523587376,5447000
2021-11-10,22.6878604888916,22.98736991550926,22.51938599011492,22.809537309215653,5654500
2021-11-11,23.286876678466797,23.427273268199492,22.725297460403205,22.781455025166203,6858300
2021-11-12,23.47407341003418,23.548950765998523,23.26816112743648,23.427275732012834,4196000
2021-11-15,23.193281173706055,23.502150455616157,23.071604368131805,23.474070780818227,4020100
2021-11-16,23.137123107910156,23.221360351761202,22.94993062118763,23.202642352740767,4222300
2021-11-17,22.996726989746094,23.305596271242415,22.94992931702902,23.06224444563671,3874800
2021-11-18,22.67850112915039,23.09032749303696,22.547466198229817,23.034169920530577,4116300
2021-11-19,23.109045028686523,23.240079946847487,22.594261677651414,22.594261677651414,4814700
2021-11-22,22.575544357299805,23.361755675112327,22.556824572652218,23.090325938590002,6894200
2021-11-23,22.313472747802734,22.70657929966837,22.051401118153336,22.52874491579139,7256800
2021-11-24,22.378990173339844,22.39770995797439,21.929726053412338,22.14499822105882,3801800
2021-11-26,22.088842391967773,22.36027214967728,21.87357020736764,22.144999965077144,4048500
2021-11-29,22.33219337463379,22.397710838212628,21.957804808097006,22.313473589263552,4670900
2021-11-30,21.985881805419922,22.43514588822503,21.63021485283674,22.332190651676008,6029400
2021-12-01,21.302629470825195,22.257317150671458,21.23711200391327,22.182439790598245,7362200
2021-12-02,21.209030151367188,21.471101777380294,21.01247777077003,21.190310366962628,8486000
2021-12-03,20.544492721557617,21.40558311856416,20.357298458427884,21.330705770355625,8335400
2021-12-06,20.787841796875,20.862720926815527,20.23562249529736,20.66616678115508,5966800
2021-12-07,21.46173858642578,21.499176364263665,21.218386782221344,21.246466454512227,5870500
2021-12-08,21.52725601196289,21.630213025028553,21.36814143959624,21.564695574974632,3836300
2021-12-09,20.90951919555664,21.564697319532225,20.872079629516087,21.443020515117187,6108300
2021-12-10,20.76912498474121,21.087354164280473,20.656808068638075,21.0311948136205,5192300
2021-12-13,20.659990310668945,20.94223170388766,20.53768696304576,20.71643966597405,5839900
2021-12-14,20.039064407348633,20.302489383628842,19.850905248093493,20.302489383628842,6292700
2021-12-15,20.377750396728516,20.396566848205875,19.709782519202506,20.03906144787838,6030100
2021-12-16,19.92616844177246,20.688216863092336,19.832087968840632,20.556505277649233,8231600
2021-12-17,19.96380043029785,20.08610558880673,19.474585179569885,19.728600134865538,10833700
2021-12-20,19.229976654052734,19.474585176597305,19.098263268414367,19.220568426904574,9908600
2021-12-21,19.869718551635742,19.87912498283647,19.48398847829033,19.493396703926614,6454300
2021-12-22,19.982614517211914,19.982614517211914,19.690966687870056,19.747414249644304,4489100
2021-12-23,19.982614517211914,20.057878531056126,19.850902941593457,19.954389839106973,3748700
2021-12-27,19.954389572143555,20.067286488617274,19.813269772378113,19.973206023961776,5830800
2021-12-28,19.75682258605957,19.954389950591054,19.70037502396995,19.87912593632635,7437800
2021-12-29,19.690969467163086,19.82268106137205,19.52162496350248,19.73800880954175,5264100
2021-12-30,19.965837478637695,20.107040034815004,19.721090450984555,19.749329525847948,6198800
2021-12-31,19.928184509277344,20.144692459122247,19.90935726264777,19.965837207071427,2679500
2022-01-03,20.088211059570312,20.201170940235162,19.862289502775685,20.11645192746899,4360300
2022-01-04,19.777570724487305,20.107040368595133,19.53282189730621,20.107040368595133,5200200
2022-01-05,18.855056762695312,19.6175423036109,18.855056762695312,19.6175423036109,7501900
2022-01-06,18.591480255126953,18.826815448229826,18.35614506202408,18.72326738871575,7642400
2022-01-07,18.50676155090332,18.779751267834303,18.41262710384211,18.535002423661254,4522100
2022-01-10,18.422042846679688,18.44087009735016,17.998440479386684,18.299669308252493,7753000
2022-01-11,18.582069396972656,18.638549348991393,18.309081465994336,18.450282243773835,5708100
2022-01-12,18.629135131835938,18.826815836293786,18.506759823439587,18.742095021393258,4641500
2022-01-13,18.422042846679688,18.986847798535806,18.41262922134445,18.911540591319355,4936700
2022-01-14,18.309078216552734,18.516172534177148,18.073743030198408,18.318490043997723,4867500
2022-01-18,17.800752639770508,18.13022224657331,17.791339017237295,17.9607806319053,7208600
2022-01-19,17.753686904907227,18.04550203114899,17.744273282065237,17.894887656607114,6128000
2022-01-20,17.86664581298828,18.487930522932434,17.84781856833182,18.139635474112314,7748600
2022-01-21,17.226533889770508,17.697204234250194,17.17946757350849,17.659551540333553,12680400
2022-01-24,17.292430877685547,17.311256328687563,16.40757004384918,16.595837122124653,13824100
2022-01-25,16.774694442749023,16.991202417443724,16.558186468054323,16.80293531593474,8924500
2022-01-26,16.831172943115234,17.45245953140058,16.699385803870065,17.358325091026128,9259800
2022-01-27,16.567598342895508,17.038268740162625,16.529943849290902,16.962961548418487,6999100
2022-01-28,16.718212127685547,16.718212127685547,16.20047363195348,16.47346331441557,7275600
2022-01-31,17.6501407623291,17.66896801005389,16.746454417121132,16.755866245518362,5990300
2022-02-01,17.621898651123047,17.69720584125953,17.320669890577104,17.69720584125953,5726200
2022-02-02,17.54659080505371,17.810166858410838,17.48069724058067,17.80075323556255,5861900
2022-02-03,17.104164123535156,17.433633795677235,17.000616050599433,17.301844849541244,6870200
2022-02-04,17.264190673828125,17.4148050604434,16.915893782614607,16.953548277000984,5079300
2022-02-07,17.160642623901367,17.386564204010835,17.085335430531543,17.170056247505734,4423000
2022-02-08,17.19829559326172,17.226534666105607,16.868825978185008,16.95354678764659,4729400
2022-02-09,17.819581985473633,18.036089942865534,17.650140350831233,18.036089942865534,6566500
2022-02-10,17.367738723754883,17.904302700067145,17.30184335863249,17.386564175467598,5315500
2022-02-11,16.915895462036133,17.527768488306105,16.83117463672076,17.480700365650183,4361900
2022-02-14,16.78410530090332,17.0759204271997,16.614663680645755,16.82175979227832,4844400
2022-02-15,17.63131332397461,17.659554195256455,17.245363727115112,17.264190974636342,5325300
2022-02-16,17.640727996826172,17.68779611842838,17.301844703151275,17.49011359862961,3181700
2022-02-17,17.395978927612305,17.668968643005524,17.33008535368021,17.53717969967611,6010400
2022-02-18,17.0759220123291,17.414805284302204,16.981789366083362,17.33949809002653,4887800
2022-02-22,16.652318954467773,16.93472047118968,16.520530023927837,16.81234695940087,6579800
2022-02-23,16.539356231689453,17.0006129709458,16.492289913680313,16.944133030241844,4631700
2022-02-24,17.800752639770508,17.894887069637726,16.191060891354258,16.20047271842256,14243500
2022-02-25,18.299665451049805,18.309079074400838,17.781926939533328,17.989023062325945,6604100
2022-02-28,19.49516487121582,19.702260972571604,19.02449452517432,19.0715626370574,13446400
2022-03-01,19.30689811706543,19.476339731608938,18.939775815864433,19.391618924337184,9053900
2022-03-02,18.99625587463379,19.222177430286337,18.74209345122533,19.203350185115728,5728100
2022-03-03,18.422042846679688,18.789165257426713,18.290255682917255,18.779753427556923,7243100
2022-03-04,18.280838012695312,18.516173207608762,18.06433006428655,18.327904333491983,6166800
2022-03-07,18.732681274414062,18.99625734075043,18.676201330008077,18.845642958691094,11986100
2022-03-08,20.02231788635254,20.34237388024126,19.222177901630733,19.363378652942824,17680400
2022-03-09,20.078800201416016,20.23882821727822,19.570477077507665,19.97525213366248,12866900
2022-03-10,19.796398162841797,19.928185303571432,19.41986039710261,19.909358056191447,5592600
2022-03-11,19.49516487121582,20.219997635031305,19.485753044304087,20.050556023181983,6244600
2022-03-14,18.78916358947754,19.4857574387236,18.62913735938067,19.476343814224027,6922200
2022-03-15,19.090391159057617,19.090391159057617,18.487931854900697,18.789160609246657,5615100
2022-03-16,19.598716735839844,19.626957608465418,18.930365576221696,19.36338151702243,6889700
2022-03-17,19.843461990356445,19.909355552434633,19.43868519991625,19.485753312447034,5004800
2022-03-18,19.909358978271484,20.03173429644394,19.53282299055858,19.598716563975184,5825900
2022-03-21,19.768157958984375,19.956426848208398,19.53282274518694,19.843465155580944,4495500
2022-03-22,20.0411434173584,20.13527604653627,19.730499277398106,19.777567387451853,4865200
2022-03-23,19.73050308227539,20.078799981980275,19.589302315814283,19.74933032992758,4959900
2022-03-24,20.0411434173584,20.0411434173584,19.626953026209485,19.918768126683467,3049200
2022-03-25,19.80581283569336,20.031734429825402,19.504582248052074,20.031734429825402,3817600
2022-03-28,19.890527725219727,19.965834907599806,19.589298995699416,19.777567849382038,3066800
2022-03-29,20.182350158691406,20.20117561284666,19.786986893985492,19.94701492482992,4000900
2022-03-30,20.135282516479492,20.4929930859696,20.08821618676703,20.361204130937008,4184400
2022-03-31,20.257654190063477,20.474162140406737,20.20117245004475,20.20117245004475,4641000
2022-04-01,20.370615005493164,20.568297513617885,20.21058699242654,20.40826950055126,5641400
2022-04-04,20.784805297851562,20.850698868180263,20.398855704099063,20.4082693277839,4416000
2022-04-05,20.72832679748535,21.377850717871887,20.66243322255906,21.2460635680193,7155600
2022-04-06,20.48357391357422,20.634188282423192,20.219997870356064,20.52122660805401,6389400
2022-04-07,20.238826751708984,20.540055513762336,20.012905180168968,20.32354756546962,5525900
2022-04-08,19.98466682434082,20.314136497580762,19.975253199909364,20.314136497580762,3457800
2022-04-11,19.777570724487305,19.99407868087112,19.6551954131642,19.881118788612223,7478800
2022-04-12,19.55164909362793,19.918771435711708,19.54223547005333,19.881118736878424,6745900
2022-04-13,19.796398162841797,19.80581178653179,19.401034945187757,19.570476580677365,4185600
2022-04-14,19.56106185913086,19.918770561948676,19.5516482359692,19.83404974895879,5552700
2022-04-18,19.41986083984375,19.617543350910175,19.33514181563262,19.4763425832714,3723300
2022-04-19,19.824636459350586,19.862290952630758,19.391620559418964,19.50458044832936,6233600
2022-04-20,19.476343154907227,20.003493540781076,19.466929530726325,19.9564272153418,5048400
2022-04-21,18.52558708190918,19.626955880847838,18.46910713709478,19.626955880847838,10410500
2022-04-22,18.214942932128906,18.67619966038307,18.177288442247796,18.64795879297224,10319900
2022-04-25,18.214942932128906,18.243182004074836,17.81957976570178,17.96078051182613,5946700
2022-04-26,17.716032028198242,18.09256795636291,17.70661840556101,18.02667439336721,5441500
2022-04-27,17.932540893554688,18.33731771064791,17.885474573389672,17.998436255436744,5646900
2022-04-28,18.007848739624023,18.12081042578943,17.574832832831,18.036089610031645,4508900
2022-04-29,17.734859466552734,18.29025063994153,17.706618598333574,18.007847344144796,6648200
2022-05-02,17.763103485107422,17.772515314051404,17.31125849078968,17.584248212262175,6699300
2022-05-03,18.045503616333008,18.205531627774327,17.753688464457117,17.791341163667653,4947000
2022-05-04,18.798574447631836,18.845642563203285,17.951368117460976,18.054916176253148,5179800
2022-05-05,18.064329147338867,18.582065831682055,17.810166718822046,18.582065831682055,4703900
2022-05-06,17.48069953918457,17.91371726982008,17.3489123929093,17.885476397561717,6473700
2022-05-09,16.435808181762695,17.07592016145624,16.36991461834688,16.981787525413612,7947300
2022-05-10,16.42639923095703,16.91589512867512,16.059275063336894,16.7652807300749,7314300
2022-05-11,15.946310997009277,16.680555549537416,15.91807013134866,16.52994119027704,7387400
2022-05-12,15.833353996276855,16.172237302221625,15.390924409988656,15.635673264785954,12815600
2022-05-13,16.605249404907227,16.71821107912577,16.059271869691553,16.125165431541994,5753300
2022-05-16,16.473464965820312,16.737041051640904,16.4263986412469,16.54877216241688,3891000
2022-05-17,17.170055389404297,17.198296258806018,16.737039498034765,16.849999384711587,5625300
2022-05-18,17.09474754333496,17.574831531938102,17.03826760216546,17.09474754333496,5577900
2022-05-19,17.753686904907227,17.9325403525101,17.25477566707165,17.26418928991364,9788800
2022-05-20,17.847822189331055,17.979611133198976,17.3959789986945,17.923131183235718,5753600
2022-05-23,18.064329147338867,18.13022271129546,17.72544590931644,18.101981842971938,3441800
2022-05-24,17.800752639770508,17.9607806319053,17.621897402569285,17.91371431470415,6214200
2022-05-25,18.054914474487305,18.158462523519553,17.69720401172037,17.734858500628405,3307300
2022-05-26,18.50676155090332,18.591482373711884,18.007850238304577,18.073745608073093,4469200
2022-05-27,18.958602905273438,18.97743015195449,18.506759757718584,18.525587004399636,4400800
2022-05-31,18.71385383605957,19.109217033780936,18.638546645801455,19.00567076934168,7555900
2022-06-01,18.497346878051758,18.902123720642834,18.374973360635106,18.826816526356016,4484200
2022-06-02,19.25041961669922,19.363379504530805,18.610307600770096,18.610307600770096,5255200
2022-06-03,19.099803924560547,19.353964552463545,18.958601381268423,18.958601381268423,3112900
2022-06-06,19.476343154907227,19.824638272274417,19.382208708563446,19.730503825930636,7126500
2022-06-07,19.645782470703125,19.68343516749869,19.2692447299574,19.2692447299574,2314100
2022-06-08,19.401033401489258,19.777569341803158,19.288071721662593,19.626954965677598,3379100
2022-06-09,18.870275497436523,19.353642895553648,18.841841483049194,19.1546084103315,3424700
2022-06-10,18.529081344604492,18.803938161152576,18.453259086202475,18.595427402483338,6444400
2022-06-13,17.467565536499023,17.988843211989977,17.325399062069202,17.87511075554404,7929000
2022-06-14,17.268529891967773,17.54338662452601,17.097931218503163,17.448608378549217,5123800
2022-06-15,17.685556411743164,17.875112939303797,17.183232879129005,17.29696715721439,5775600
2022-06-16,17.031587600708008,17.3917446250412,16.908377128853985,17.259054338723473,8076600
2022-06-17,17.64764404296875,17.76137649946664,17.11688655349592,17.11688655349592,5479000
2022-06-21,18.083620071411133,18.330042785057863,17.969885815980078,18.007797837038652,6061300
2022-06-22,17.96988868713379,18.216311440152918,17.713989735080613,17.713989735080613,3479800
2022-06-23,18.31108856201172,18.34900058677117,17.827721092797763,17.931977353141413,3407400
2022-06-24,18.39638900756836,18.6048997227504,18.112056049797864,18.595423524203593,4195700
2022-06-27,18.65228843688965,18.81341091697894,18.348999487955627,18.396387708322294,3718800
2022-06-28,18.149967193603516,18.81341320592378,18.11205697424676,18.803935199148356,3709600
2022-06-29,17.75189971923828,17.979366455685465,17.571823016058172,17.979366455685465,5771600
2022-06-30,18.055187225341797,18.197355505777303,17.43913130518546,17.448609311064146,6724300
2022-07-01,18.31108856201172,18.330044574391444,18.026755607295197,18.083621836689534,2959800
2022-07-05,18.045713424682617,18.045713424682617,17.410701408403984,17.950935161048715,5404400
2022-07-06,17.96988868713379,18.178401220781872,17.74242194767266,17.922500460983745,4216800
2022-07-07,18.709157943725586,18.794458201539666,18.159446175448767,18.159446175448767,5196400
2022-07-08,18.94610023498535,19.021922475639702,18.443776760809786,18.51012280315905,3118100
2022-07-11,18.43429946899414,18.92714310013984,18.35847723283752,18.879754880446214,4616400
2022-07-12,18.102577209472656,18.519600428368232,17.988842946957583,18.48168840494828,4310500
2022-07-13,18.206830978393555,18.405865478425138,17.704509341053505,17.837197802578093,3003400
2022-07-14,18.131010055541992,18.17840008647993,17.676076605006823,17.950933361212346,2767500
2022-07-15,17.827720642089844,17.846676653990336,17.135842477425008,17.799288431983896,9022000
2022-07-18,18.187875747680664,18.519598690497393,18.112053515700662,18.140485722852784,4611800
2022-07-19,18.519601821899414,18.53855602729085,18.22578904152081,18.36795552455357,2541400
2022-07-20,18.623855590820312,18.803934093474883,18.49116711925634,18.548033348820205,3123000
2022-07-21,18.5859432220459,18.633331439905636,18.31108649677444,18.633331439905636,2924600
2022-07-22,18.481691360473633,18.92714686042503,18.367957079770584,18.718636121505348,2819800
2022-07-25,18.7186336517334,18.72811165785353,18.32056643341206,18.548033157060708,2733100
2022-07-26,18.424821853637695,18.652288566923996,18.39638783657263,18.58594433485025,2764400
2022-07-27,19.296781539916992,19.3252137537285,18.63333549889133,18.851324240923038,5195900
2022-07-28,20.652103424072266,20.908002357217676,20.22560218925522,20.424634893673296,9883300
2022-07-29,21.125991821289062,21.163902035956415,20.528890122511903,20.528890122511903,6616800
2022-08-01,20.860614776611328,21.078603499895987,20.69949228380422,20.95539303257049,6668800
2022-08-02,21.125991821289062,21.372412735988668,20.604712359591332,20.671056591067746,4573900
2022-08-03,20.6805362701416,20.95539303163643,20.263513028586807,20.908002999786525,4675100
2022-08-04,21.07860565185547,21.13547188813861,20.604716131424155,20.803750670032738,4227600
2022-08-05,21.23972511291504,21.533536067247866,20.955392164560017,21.21129109498162,5194200
2022-08-08,21.334505081176758,21.912650838117642,21.28711504747549,21.685182291841436,6381600
2022-08-09,21.41032600402832,21.486148245519,21.03121479657492,21.06912501344784,5009400
2022-08-10,22.377063751220703,22.405495965512586,21.761005927969066,22.045340725103298,5937200
2022-08-11,22.064294815063477,22.604528532423814,22.007426775950353,22.595050525904963,4735400
2022-08-12,22.320192337036133,22.358104360694412,21.865258899605525,21.960037151006432,4044700
2022-08-15,22.291765213012695,22.50027596747161,22.08325265080858,22.377065477960706,4334500
2022-08-16,22.007429122924805,22.234895880400696,21.941084877962474,22.234895880400696,4196300
2022-08-17,21.9221248626709,22.08324734578369,21.647269925446004,21.76100237955811,3677200
2022-08-18,21.969514846801758,22.23489177768452,21.912648619861844,22.01690306796089,2281700
2022-08-19,21.362937927246094,21.656748889065728,21.258681666578383,21.656748889065728,3757500
2022-08-22,21.03121566772461,21.135470124252176,20.8606151653678,20.93643740999917,3834300
2022-08-23,21.069128036499023,21.325028816151665,20.98382777661481,21.031217814186647,2884000
2022-08-24,21.486146926879883,21.628313394981824,21.002779489137517,21.002779489137517,4363700
2022-08-25,21.931602478027344,21.96003649492155,21.55249129149495,21.89369226324647,4566100
2022-08-26,21.429283142089844,22.140117371311806,21.39137111548044,22.045339112533227,4569800
2022-08-29,21.192337036132812,21.5145820106094,21.125992801577894,21.16390301800436,4336000
2022-08-30,20.98382568359375,21.552493423518673,20.77531496231074,21.35346070880465,4641600
2022-08-31,21.02173614501953,21.24920286250798,20.889047678420795,21.05964636072855,4304400
2022-09-01,20.652103424072266,20.813224104175575,20.282468417982553,20.642625417993575,4441500
2022-09-02,20.320383071899414,20.80375059799499,20.244560821202757,20.77531657607935,4310700
2022-09-06,20.538368225097656,20.661578683029262,20.159257037910326,20.490980004603518,6265900
2022-09-07,21.533536911010742,21.590404949105885,20.576279962680967,20.59523597537935,6445100
2022-09-08,21.675704956054688,21.71361517328254,21.28711393106387,21.3534599747661,6285400
2022-09-09,21.73257064819336,21.855781110817222,21.48614791520083,21.808392888518384,3914500
2022-09-12,21.88421630859375,21.893694315113425,21.524059291825676,21.827350077220597,3782600
2022-09-13,21.30607032775879,21.647271327686543,21.11651562271161,21.173381853451275,7213100
2022-09-14,21.63779067993164,21.647268685188745,21.078601023975125,21.30606772691164,5575100
2022-09-15,21.03121566772461,21.44823710932469,20.9174813969051,21.343982652797123,4462600
2022-09-16,20.955392837524414,20.9933030549083,20.576279817216435,20.75635832108824,4445700
2022-09-19,20.898523330688477,20.945913358767935,20.604712387574743,20.652102415654202,3527500
2022-09-20,20.272993087768555,20.775316629772806,20.235082866194773,20.67106035689106,4709400
2022-09-21,20.168737411499023,20.775315382214952,20.159259404738467,20.40568215727805,3923600
2022-09-22,19.533723831176758,20.168735770507798,19.429467573038217,20.14977975852901,6376900
2022-09-23,18.974533081054688,19.21147779443126,18.737588367678114,19.097743536602838,7807800
2022-09-26,18.5101261138916,19.107226139874175,18.47221408291105,18.85132535399087,4287500
2022-09-27,18.63333511352539,19.02192436136965,18.49116862417298,18.784979609867296,4603300
2022-09-28,18.927143096923828,18.993489135326215,18.41534345488976,18.56698792717724,5382600
2022-09-29,18.102577209472656,18.633332883138532,17.903542702007467,18.58594466160837,4762500
2022-09-30,18.09309959411621,18.472210797774093,18.017277353384635,18.131009810609594,3013100
2022-10-03,18.65228843688965,18.747066685367713,18.159442990999498,18.235265228233004,4061700
2022-10-04,19.239910125732422,19.40103260416542,19.069311449519287,19.135655680448515,3843500
2022-10-05,18.472209930419922,18.879755133120348,18.16892098173441,18.813410901563486,9476600
2022-10-06,17.979366302490234,18.642812300616924,17.94145608394452,18.33952332127155,7288400
2022-10-07,17.467565536499023,17.87511075554404,17.37278728429754,17.789810509337183,4451600
2022-10-10,17.39174461364746,17.505477078708214,17.164277875781014,17.45808885289039,6317700
2022-10-11,17.2116641998291,17.420174901231455,16.9368092665144,17.2306202111597,10951800
2022-10-12,16.77568817138672,17.211665621534305,16.756732158490333,17.20218761508611,15834900
2022-10-13,16.965240478515625,17.050540716744457,16.254406365105098,16.320750593117605,9501900
2022-10-14,16.62404441833496,17.36331087651396,16.595610397733857,17.22114438899838,11836000
2022-10-17,16.927331924438477,17.211664874564967,16.832553671814708,17.022108369317433,16840600
2022-10-18,17.36330795288086,17.505474416458455,17.088453030996796,17.35382994760973,14145300
2022-10-19,16.85150909423828,17.060019796518734,16.728296827815257,17.060019796518734,20090600
2022-10-20,16.70934295654297,16.98419973396366,16.54822045440721,16.851511252585382,5539500
2022-10-21,17.003154754638672,17.06949899145261,16.472397244637435,16.69986578192075,7282400
2022-10-24,16.87046241760254,16.95576265675374,16.58612949226163,16.917852443655793,7724200
2022-10-25,17.37278938293457,17.458089639445713,16.870465851007275,16.946288100378844,12053500
2022-10-26,17.827720642089844,18.121533403313094,17.666598156425245,17.67607616237549,11229400
2022-10-27,17.913021087646484,18.14048780975451,17.789810624408943,17.81824283483194,8736700
2022-10-28,17.88459014892578,17.903544354640598,17.58129935680446,17.78981188937193,7175700
2022-10-31,17.90354347229004,17.960411509866656,17.57182229181737,17.628688521649135,8252600
2022-11-01,17.931978225708008,18.349001479630033,17.931978225708008,18.301611446374732,7257400
2022-11-02,17.657121658325195,18.32056766953982,17.63816745255088,18.00780067745177,8558000
2022-11-03,18.026756286621094,18.13101074314866,17.562344812285836,17.562344812285836,11115100
2022-11-04,18.15944480895996,18.481689801398815,17.865633836234505,18.377433536861272,10870500
2022-11-07,17.96988868713379,18.311089700197957,17.8372002077177,18.30161169341896,9693100
2022-11-08,18.405866622924805,18.500644876083527,18.18787790608112,18.23526612878807,14351900
2022-11-09,18.32056427001953,18.766019658594885,18.292130255016787,18.367952487279496,19913000
2022-11-10,19.581111907958984,19.71380037533549,18.879755739655632,19.088266446639402,19247100
2022-11-11,19.382078170776367,19.704323123817,19.29677792981004,19.467378411742693,19474000
2022-11-14,19.21147918701172,19.382079682248303,18.984012462611215,19.29677943463001,18872000
2022-11-15,19.56215476989746,19.846489507863687,19.382078091038004,19.780145277994972,18558000
2022-11-16,19.35364532470703,19.543201828925394,19.315733300765437,19.467379588787008,21539000
2022-11-17,19.448423385620117,19.457901391512337,18.889233692192583,18.974533937477783,23526600
2022-11-18,19.41999053955078,19.53372480937423,19.211479820576834,19.514768796446173,25135400
2022-11-21,19.277822494506836,19.325210715238555,19.097744001785774,19.277822494506836,20181400
2022-11-22,19.52424430847168,19.543200318977895,19.23043337660397,19.401032047925934,9451200
2022-11-23,19.732757568359375,19.77066959430478,19.467380617721123,19.467380617721123,9674000
2022-11-25,19.71380043029785,19.903356933716882,19.6379781904792,19.742234448134145,5564700
2022-11-28,19.35364532470703,19.67589029723137,19.30625710252484,19.581112045122186,8387500
2022-11-29,19.2493896484375,19.524246407087368,19.239911642165623,19.467380177200962,8818700
2022-11-30,20.055002212524414,20.073958225170653,19.391556231864993,19.524246512643796,12485100
2022-12-01,19.865446090698242,20.206647094034896,19.827535872408003,20.206647094034896,11229500
2022-12-02,20.159255981445312,20.23507821490924,19.637976544604236,19.637976544604236,7219600
2022-12-05,19.903358459472656,20.140303203037806,19.8464922271856,20.064480957406754,6714000
2022-12-06,19.4863338470459,19.931791090870803,19.353645378371997,19.903357072835767,6966700
2022-12-07,19.410511016845703,19.637977730979276,19.32521077307752,19.486333254890226,6605800
2022-12-08,19.56215476989746,19.704323042752915,19.41051029941335,19.495810540028746,3970700
2022-12-09,19.505290985107422,19.742235725843784,19.47685696543089,19.55267921015673,3205600
2022-12-12,19.68536949157715,19.68536949157715,19.410512724642533,19.54320300870351,3078200
2022-12-13,19.91892433166504,20.270212171519635,19.804994412873512,20.270212171519635,6409700
2022-12-14,20.146787643432617,20.34616773410355,19.956903826142295,20.004374327743985,8625900
2022-12-15,19.729042053222656,20.279708198918048,19.66258081609918,19.93791479438865,6230300
2022-12-16,19.377756118774414,19.61511227095037,19.168883356777716,19.482193405214627,4620900
2022-12-19,19.168880462646484,19.539155424653806,19.111913690888855,19.491684925739236,3961700
2022-12-20,19.140398025512695,19.396743078478096,19.00747917325666,19.140398025512695,3466500
2022-12-21,19.415733337402344,19.415733337402344,18.950513700773666,19.197364308270057,2984100
2022-12-22,19.083433151245117,19.3587653194777,18.865065946977282,19.3587653194777,3408300
2022-12-23,18.97899627685547,19.121409595225234,18.808099570458314,19.121409595225234,1882200
2022-12-27,18.76062774658203,19.073937749281363,18.73214436056083,19.026467250129496,3071700
2022-12-28,18.570743560791016,18.84607754758535,18.513778595237692,18.84607754758535,5882700
2022-12-29,18.865068435668945,19.007481769809853,18.77012560928041,18.798607189578316,3030500
2022-12-30,18.846078872680664,18.88405491542516,18.675182153121096,18.770124976307937,2739800
2023-01-03,18.637203216552734,19.035961602060084,18.551756672621668,18.978996635811498,3441700
2023-01-04,18.789112091064453,18.827088130146468,18.618215387986485,18.79860474267229,2714500
2023-01-05,18.39984703063965,18.66568655725744,18.35237652736815,18.66568655725744,3295300
2023-01-06,18.87455940246582,18.92203171686133,18.399847123812535,18.599227222506403,5196900
2023-01-09,19.035961151123047,19.282811746864184,18.96000726096297,18.978996186223885,5298400
2023-01-10,19.320789337158203,19.33028379966078,18.912536503965136,19.083433207244425,3104400
2023-01-11,19.880949020385742,19.880949020385742,19.41573124478174,19.463201744194677,5278500
2023-01-12,20.17527198791504,20.213249839704677,19.76701913559467,19.956904772775562,4204200
2023-01-13,20.146787643432617,20.28920277000481,19.994879865246936,20.004374327743985,5228700
2023-01-17,20.279708862304688,20.44111110740294,20.17527158286358,20.24173101127752,5186800
2023-01-18,20.042354583740234,20.51706690027878,20.01387119282976,20.384146220247022,3462000
2023-01-19,19.368257522583008,19.909429144327603,19.301798103896246,19.81448815242271,6281200
2023-01-20,19.55814552307129,19.577134448130817,19.30180046741838,19.377754356772922,6229500
2023-01-23,19.90943145751953,20.032857658749602,19.434719199306905,19.558145400536976,3398300
2023-01-24,19.757526397705078,19.909434196359623,19.596124135274152,19.852469224585118,2800400
2023-01-25,19.59612464904785,19.643596969174407,19.225849606479958,19.45371131043588,2716700
2023-01-26,19.586626052856445,19.78600613355732,19.36825885899449,19.77651167153504,1278900
2023-01-27,19.491687774658203,19.605617713058635,19.244837160278976,19.368261562026728,2128700
2023-01-30,19.140398025512695,19.50118035432701,19.130903563082473,19.263824226222056,3057900
2023-01-31,19.69106674194336,19.700561205613564,19.263826742086827,19.27331939487325,2431900
2023-02-01,19.890445709228516,20.051847960538744,19.40623895529783,19.605617248213225,3272400
2023-02-02,19.767019271850586,20.118307159791605,19.605617022399358,20.07083484472733,6915000
2023-02-03,19.25432586669922,19.520163517405518,19.187864643139463,19.339774200392867,6367600
2023-02-06,19.197364807128906,19.2733187028797,19.04545701562732,19.168883228024683,2947300
2023-02-07,19.1878662109375,19.254327439927653,18.893545154657268,19.149890176683595,2608400
2023-02-08,19.035961151123047,19.4632029150757,18.978996186223885,19.38724902491563,4849100
2023-02-09,18.713153839111328,19.26382172321301,18.608718387715587,19.26382172321301,3851000
2023-02-10,18.684677124023438,18.81759599356499,18.52327486348707,18.64669926936369,2360200
2023-02-13,18.865068435668945,18.988492842355388,18.60872334768504,18.713158826917013,2154400
2023-02-14,18.732145309448242,18.81759366095681,18.42832975336603,18.65619142042769,3689300
2023-02-15,19.130903244018555,19.140397706290432,18.55175553250227,18.55175553250227,2342200
2023-02-16,18.618213653564453,18.969499678603373,18.618213653564453,18.87455687341761,5351700
2023-02-17,18.627710342407227,18.665686382492133,18.45681363481614,18.599226954180843,3861500
2023-02-21,18.333389282226562,18.618217760615053,18.333389282226562,18.56125097840708,2980700
2023-02-22,18.257431030273438,18.3903516795152,18.152995576227557,18.29540887602347,5739500
2023-02-23,18.31439971923828,18.51377799768152,18.08653624261237,18.504283535248476,2556400
2023-02-24,17.972606658935547,18.067549474198337,17.85867491844348,18.029571623739788,2682200
2023-02-27,18.27642250061035,18.361870854574804,18.08653686715966,18.1909741466459,1969200
2023-02-28,18.228952407836914,18.361871267712882,18.134009588975374,18.219457944862395,2347200
2023-03-01,18.494789123535156,18.618215324619634,18.323892421038835,18.37136473333423,4328700
2023-03-02,18.39984703063965,18.418835956301695,18.134009314905477,18.28591709843461,2134600
2023-03-03,18.779617309570312,18.846076734997585,18.45681283388053,18.49478887231746,1997600
2023-03-06,18.941020965576172,19.08343428942367,18.789113178687685,18.798605830845013,2589800
2023-03-07,18.74163818359375,19.04545371392778,18.694167686060332,18.912534872127495,2156100
2023-03-08,18.76062774658203,18.779616670596162,18.561247666200565,18.73214436056083,2700500
2023-03-09,18.475799560546875,18.931524688426244,18.46630690929918,18.789111378225467,2716200
2023-03-10,18.20046615600586,18.62770786823645,18.06754731703784,18.551753987271383,4313100
2023-03-13,18.295408248901367,18.532764344053017,17.925131509064148,17.991592736848578,4022700
2023-03-14,18.494789123535156,18.770123102197797,18.323892421038835,18.713156327443322,2282800
2023-03-15,18.058053970336914,18.17198389337608,17.725755041519644,18.10552446978932,3457500
2023-03-16,18.001087188720703,18.020076112845338,17.687777184198143,17.88715726573985,4624300
2023-03-17,17.393457412719727,17.839688108811696,17.251044092834814,17.763732406597224,5058900
2023-03-20,17.64980125427246,17.754238526710214,17.40295067179998,17.59283629243527,2712500
2023-03-21,18.048561096191406,18.115020525625297,17.925134889342488,18.001088781678884,5239600
2023-03-22,17.763731002807617,18.219456125662443,17.763731002807617,18.010581582846303,2475900
2023-03-23,17.896648406982422,18.36186609641145,17.7637277736576,18.029567229424103,3706800
2023-03-24,17.820697784423828,17.820697784423828,17.583341666285683,17.811203322392284,4222500
2023-03-27,17.839689254760742,18.00108969968337,17.706768578230744,18.00108969968337,2723000
2023-03-28,17.839689254760742,17.934630266860236,17.782722474440575,17.934630266860236,1297800
2023-03-29,18.19097328186035,18.200467744169888,17.811203843896532,18.039065506674824,2356100
2023-03-30,18.494789123535156,18.741639714820558,18.428329697205154,18.54226143583055,3745100
2023-03-31,18.779617309570312,18.8555711973277,18.551755646298147,18.561248297744736,1938200
2023-04-03,18.570743560791016,18.865066473064324,18.46630809242386,18.865066473064324,2985800
2023-04-04,18.475799560546875,18.561247908844038,18.36186963673965,18.51377740907161,1656200
2023-04-05,18.2099609375,18.494787543403554,18.077042096196127,18.46630596934324,2796200
2023-04-06,18.24793815612793,18.266927080654693,18.09603038168085,18.266927080654693,2556500
2023-04-10,18.428327560424805,18.447316483141183,18.086534195063393,18.143500963212524,2589500
2023-04-11,18.485294342041016,18.551755578107525,18.333386567084606,18.428329379153244,1927500
2023-04-12,18.437822341918945,18.703661831913962,18.428327880395905,18.62770795061301,2569200
2023-04-13,18.789112091064453,18.87455863171988,18.52327257395611,18.52327257395611,1720300
2023-04-14,18.599224090576172,18.77012077185538,18.447316331857614,18.694166892496103,2416100
2023-04-17,18.903039932250977,18.950510428583524,18.599224409602613,18.656189367378342,3396900
2023-04-18,18.893545150756836,18.978993491414638,18.760626314570622,18.950510107567595,3275400
2023-04-19,18.779617309570312,18.817593348007243,18.684674497152695,18.684674497152695,1784000
2023-04-20,18.76062774658203,18.78911113260323,18.513777167048698,18.532766091062832,1900000
2023-04-21,18.79860496520996,18.90304224296806,18.618215608388713,18.751134463074596,2443900
2023-04-24,18.79860496520996,18.79860496520996,18.504283868026825,18.694169498335445,1722100
2023-04-25,18.428327560424805,18.627707627180076,18.428327560424805,18.50428144040697,1840800
2023-04-26,17.668792724609375,18.086538252791115,17.5928388275869,18.06755113669831,6077800
2023-04-27,17.98210334777832,18.058057247215114,17.81120662132458,17.81120662132458,2523100
2023-04-28,17.763731002807617,17.773225464834123,17.45991546149338,17.687777117479058,4064400
2023-05-01,17.583343505859375,17.858675690045537,17.564354579809663,17.83019411185463,2120400
2023-05-02,17.26053810119629,17.57384812104808,17.213065788562037,17.57384812104808,3107900
2023-05-03,17.241548538208008,17.440928622127696,17.184583576038165,17.308007962553404,3944600
2023-05-04,17.355478286743164,17.602328842400063,17.326994903476997,17.507386042396135,2204800
2023-05-05,17.687780380249023,17.706769307804816,17.393459246669448,17.55486150912608,2018300
2023-05-08,17.640304565429688,17.73524736376277,17.573845149861505,17.697269520076233,2063800
2023-05-09,17.535869598388672,17.564352984876802,17.42193967420315,17.545364060551382,2030100
2023-05-10,17.640304565429688,17.706763980997867,17.51688019521496,17.706763980997867,2097800
2023-05-11,17.564353942871094,17.64030783343195,17.469411126949126,17.64030783343195,2000200
2023-05-12,18.10552406311035,18.371363562369684,17.849179025704935,17.849179025704935,5785300
2023-05-15,18.266925811767578,18.409339114058728,18.13400697108029,18.257431350163717,3191000
2023-05-16,17.88715934753418,18.276423282976225,17.88715934753418,18.209963851688613,2568500
2023-05-17,17.991592407226562,18.039062901033873,17.792212349292683,17.91563853060491,2869500
2023-05-18,17.782724380493164,17.887161678057257,17.6498055005999,17.887161678057257,2509900
2023-05-19,17.687780380249023,17.93463100582292,17.640309872243346,17.906149425373034,1869200
2023-05-22,17.87766456604004,17.925135070147743,17.773227283942703,17.849181177045224,3535100
2023-05-23,17.70676612854004,17.953616709791707,17.65929562905773,17.75423843890583,2503700
2023-05-24,17.63081169128418,17.69727111283372,17.4978928481851,17.573846731510777,2195000
2023-05-25,17.61182403564453,17.659296347942853,17.47890518297634,17.61182403564453,2136300
2023-05-26,17.564353942871094,17.621318908070837,17.44092954979105,17.57384840555165,2359300
2023-05-30,17.602333068847656,17.82070029366994,17.469412392573624,17.592838605479244,2596400
2023-05-31,17.412445068359375,17.554858377857887,17.22255944843904,17.554858377857887,2878800
2023-06-01,17.72575569152832,17.792215117552168,17.35548071174773,17.497894026210762,3202000
2023-06-02,17.820697784423828,17.944122169066937,17.668790013686095,17.877662745729612,3634700
2023-06-05,17.75423812866211,17.858673587874947,17.668789782380323,17.735249204847616,3783000
2023-06-06,17.763731002807617,17.934627697517744,17.583341656954456,17.782719926860626,2860600
2023-06-07,17.71116065979004,17.91187989269242,17.663369064054017,17.902321573545212,3937400
2023-06-08,17.758953094482422,17.835417836058944,17.66337171174596,17.778069735642365,1465400
2023-06-09,17.6824893951416,17.892766991105344,17.653814431711538,17.873652171881986,2002600
2023-06-12,17.87364959716797,17.87364959716797,17.558232337126796,17.69204516773121,1936500
2023-06-13,17.892765045166016,18.08392780111637,17.80674198729467,17.969229782933528,2877800
2023-06-14,17.749393463134766,18.07436904660181,17.65381208745685,18.07436904660181,2679900
2023-06-15,18.03614044189453,18.06481358298729,17.74939626952316,17.825861017542845,2666500
2023-06-16,17.930997848510742,18.179508695409083,17.835416473078595,18.122158776311935,2680700
2023-06-20,17.5582332611084,17.86409221747857,17.481768522015855,17.86409221747857,3361300
2023-06-21,17.462650299072266,17.519998392429194,17.37662724750537,17.491323434219222,3056200
2023-06-22,17.281047821044922,17.424418982101255,17.175908118840773,17.395745843727923,3102000
2023-06-23,16.994308471679688,17.08988804706112,16.96563350522713,17.051656581521254,3519900
2023-06-26,17.03253746032715,17.233258550178842,16.99430600034695,17.051654101848886,2422800
2023-06-27,17.185468673706055,17.204585317149228,17.022980850565993,17.185468673706055,2359000
2023-06-28,17.233257293701172,17.33839516827857,17.10900095593269,17.204582333509258,2209800
2023-06-29,17.15679359436035,17.309723078510924,17.070770531642747,17.147235273718035,2673000
2023-06-30,17.58690643310547,17.60602307368163,17.309722437003856,17.37662885595724,3031000
2023-07-03,17.58690643310547,17.76851087245264,17.55823329530441,17.55823329530441,1036900
2023-07-05,17.309722900390625,17.520000483168054,17.281047938758743,17.520000483168054,2783300
2023-07-06,16.9178409576416,17.147235182649148,16.831817895380865,17.147235182649148,3438900
2023-07-07,17.118560791015625,17.252373637627578,16.946514660764084,17.003864586223468,2694500
2023-07-10,17.347951889038086,17.37662684658646,17.032534648257865,17.23325570497054,2113600
2023-07-11,17.414859771728516,17.443534731699792,17.252371978017553,17.36706999483952,2869500
2023-07-12,17.806743621826172,17.835418584769826,17.6346993133542,17.730278877039744,6515000
2023-07-13,18.055253982543945,18.09348726537699,17.93099945946308,18.007464202065904,1941800
2023-07-14,17.79718780517578,18.093488474682513,17.758954519787356,17.988348762927735,2366200
2023-07-17,18.198627471923828,18.284648714543643,17.711164040740513,17.816301925303986,2821800
2023-07-18,18.083927154541016,18.37066945515117,18.04569387549268,18.265531583894425,2776700
2023-07-19,18.141277313232422,18.294206800692038,18.07437089035175,18.198627238327248,2283700
2023-07-20,17.902324676513672,18.055254163249913,17.82585993314555,18.055254163249913,2925200
2023-07-21,17.911884307861328,18.017024021333892,17.81630291589203,18.00746569983062,3025700
2023-07-24,17.892765045166016,17.98834642314119,17.80674198729467,17.950114965789012,1882500
2023-07-25,17.902324676513672,18.00746438229357,17.87365153716518,17.9501162805333,1424900
2023-07-26,17.81629753112793,17.892762256980127,17.586903353571337,17.615578309414484,1857000
2023-07-27,17.395748138427734,17.787630214438316,17.31928338757356,17.787630214438316,2885400
2023-07-28,17.376628875732422,17.510441713791472,17.14723465774697,17.491325073193554,3832600
2023-07-31,17.472209930419922,17.663370863651146,17.40530168957268,17.491324747598835,1994400
2023-08-01,17.22369956970215,17.424418828802455,17.21414124930739,17.347954088707596,1507600
2023-08-02,16.516403198242188,16.898726966544743,16.468611587789663,16.898726966544743,4603700
2023-08-03,16.468608856201172,16.688444758628815,16.44949221519097,16.631096658661434,2397800
2023-08-04,16.34435272216797,16.659769975443883,16.325236083045052,16.592863561576728,1997500
2023-08-07,16.258329391479492,16.43993381391922,16.172306339958727,16.43993381391922,2508700
2023-08-08,16.239213943481445,16.24877226358054,16.06716782782402,16.15319088565273,2776600
2023-08-09,16.401702880859375,16.49728426544117,16.287006677811842,16.353913100100115,2692700
2023-08-10,16.191425323486328,16.50684261705137,16.162750361139224,16.382586269943857,2515500
2023-08-11,16.114961624145508,16.13407644388514,16.019380233193772,16.13407644388514,2292100
2023-08-14,16.10540008544922,16.124516724433413,15.809099473446373,16.067166807480834,2980900
2023-08-15,15.627496719360352,15.990703783561406,15.627496719360352,15.971587142534185,3528900
2023-08-16,15.455451011657715,15.665728599419358,15.436334370116672,15.57970553554794,2586500
2023-08-17,15.264288902282715,15.50324053688531,15.254730581669756,15.50324053688531,2597700
2023-08-18,15.254730224609375,15.312079235413162,15.092242424118854,15.130474794144176,3419100
2023-08-21,15.226058006286621,15.283406112456344,15.130476613961466,15.254732059371483,2479200
2023-08-22,15.178265571594238,15.312079323215988,15.092242510661087,15.302521002771947,2210600
2023-08-23,15.426775932312012,15.455450894406036,15.235614076010009,15.292963088666426,1788300
2023-08-24,15.159149169921875,15.465009048236483,15.159149169921875,15.455450727641608,2141300
2023-08-25,15.331194877624512,15.3694263336281,15.19738022395423,15.235612591489364,1523100
2023-08-28,15.378986358642578,15.465009423017895,15.321638256746796,15.407661321122113,1308400
2023-08-29,15.809102058410645,15.809102058410645,15.388545047307826,15.398103368362815,2461400
2023-08-30,15.465008735656738,15.59882157515385,15.436333774451697,15.59882157515385,2328200
2023-08-31,15.369427680969238,15.512798843911549,15.350311039760063,15.417217460928926,2022600
2023-09-01,15.359869003295898,15.598821543665936,15.312079224447173,15.50324016290528,1858100
2023-09-05,15.120916366577148,15.273845845594467,15.120916366577148,15.226056067050251,2140800
2023-09-06,14.862849235534668,15.11136011371316,14.824616862855798,15.101801792660526,2727900
2023-09-07,14.757709503173828,14.776826145248208,14.58566428216273,14.719477130556733,3515400
2023-09-08,14.767268180847168,14.81505887565562,14.709920076302375,14.767268180847168,1966800
2023-09-11,14.843731880187988,14.920196621871598,14.786383779691093,14.834174471126254,2122600
2023-09-12,14.939313888549805,14.95842961900525,14.7194770633564,14.729035384349952,1954300
2023-09-13,14.805499076843262,14.987103516685467,14.77682502743245,14.910638777235569,1778200
2023-09-14,15.168708801269531,15.168708801269531,14.939314556359962,14.939314556359962,2327500
2023-09-15,14.958429336547852,15.159149515963987,14.929755285640303,15.073127363241337,1604800
2023-09-18,14.748149871826172,14.929753386515479,14.738591552228964,14.929753386515479,1632200
2023-09-19,14.805499076843262,14.93931282664638,14.767266707118313,14.767266707118313,1560400
2023-09-20,14.834175109863281,15.04445270278163,14.824616788858357,14.939313906322456,1964700
2023-09-21,14.547430038452148,14.671685461358866,14.537871718644352,14.652568821743273,2034000
2023-09-22,14.423175811767578,14.623895986720807,14.423175811767578,14.614337666120266,1922400
2023-09-25,14.318036079406738,14.423175782737818,14.222455608188582,14.241571337819565,2244800
2023-09-26,14.031293869018555,14.184223353444104,14.021735548359052,14.136432661678214,3060700
2023-09-27,13.945269584655762,14.18422211102332,13.907037216898216,14.098199055685953,2788600
2023-09-28,13.973944664001465,14.050409405160387,13.801898540628082,14.002618714053156,3229500
2023-09-29,13.973944664001465,14.270246219641,13.907038243370312,14.13643246684708,1921600
2023-10-02,13.438691139221191,13.868805525347751,13.410016178356253,13.82101483543778,3769700
2023-10-03,13.065925598144531,13.228413406201499,12.999019175367538,13.218855085367172,5485600
2023-10-04,13.142389297485352,13.199738306402816,12.874762716110853,13.123272657335672,5034300
2023-10-05,13.008575439453125,13.180621553198245,12.92255329411213,13.142389184758393,5074200
2023-10-06,13.209296226501465,13.257086917194878,12.760066103965581,12.807855883127385,5884000
2023-10-09,13.209296226501465,13.237971187836477,13.06592506595284,13.094599115756242,1910700
2023-10-10,13.715875625610352,13.754107994057794,13.304876981151677,13.323992709609616,6692000
2023-10-11,13.849690437316895,13.983504201758977,13.715877584406508,13.897481132584188,4299100
2023-10-12,13.505598068237305,13.907038420191574,13.43869164675547,13.868806049126006,4233800
2023-10-13,13.381341934204102,13.591620419827581,13.362225293905794,13.543829730613393,3163300
2023-10-16,13.582062721252441,13.620295092067154,13.295319484376282,13.390900867178877,2699200
2023-10-17,13.668086051940918,13.792341487412301,13.381342809432466,13.41957518099815,2653800
2023-10-18,13.323993682861328,13.534272180447843,13.31443627370002,13.524713859754902,2739100
2023-10-19,13.104157447814941,13.343109989962164,13.075483397986126,13.333551669508688,3642900
2023-10-20,12.712275505065918,12.893879037174287,12.578461752464435,12.626252443502937,6614000
2023-10-23,12.654927253723145,12.79829933545133,12.463765389617231,12.588020829168991,4051000
2023-10-24,12.893878936767578,13.008576047447848,12.760066096739733,12.769623505647715,2403500
2023-10-25,12.626252174377441,12.740949283506136,12.501996744938458,12.731390963195846,2257200
2023-10-26,12.721834182739258,12.865205348348224,12.664485169576688,12.674043490359056,2829200
2023-10-27,12.320393562316895,12.654926578777125,12.301276921160047,12.626252528573476,4788600
2023-10-30,12.291718482971191,12.540229346442656,12.157905642280104,12.444648876167824,6265400
2023-10-31,12.435091018676758,12.444649339519609,12.291718940628916,12.30127726147177,4608300
2023-11-01,12.301278114318848,12.415975237790079,12.167464347836557,12.387301184805198,2943900
2023-11-02,12.731391906738281,12.750508548775624,12.44464956843144,12.454206977918448,3786300
2023-11-03,13.065925598144531,13.218855085367172,12.989460854533212,13.075483918978858,2526200
2023-11-06,12.884320259094238,13.13283111444369,12.84608788992752,13.123272794269116,3122200
2023-11-07,12.807856559753418,12.865205573921523,12.68360203353056,12.807856559753418,2857400
2023-11-08,12.616693496704102,12.836530299956001,12.559345399529915,12.817413659876893,2607400
2023-11-09,12.492437362670898,12.788738886380719,12.473321635206904,12.693157514466192,2142800
2023-11-10,12.435091018676758,12.444649339519609,12.28216153131771,12.349067954154382,3002300
2023-11-13,12.435091018676758,12.501997441513428,12.291718940628916,12.291718940628916,1760100
2023-11-14,13.371784210205078,13.371784210205078,12.664484895202847,12.855646749050528,6302200
2023-11-15,13.438691139221191,13.677643677239457,13.323993118824621,13.400458769599533,5864700
2023-11-16,13.285759925842285,13.448247714547351,13.257085878285961,13.29531824553824,4600800
2023-11-17,13.371784210205078,13.467365592894728,13.218854727126933,13.467365592894728,2771600
2023-11-20,13.620294570922852,13.668085260495564,13.323993024797298,13.467365093515438,2850700
2023-11-21,13.352667808532715,13.572503701510078,13.314435439687454,13.496038963819554,2922400
2023-11-22,13.304878234863281,13.448249402168084,13.266645862813222,13.400459620754251,2762100
2023-11-24,13.266645431518555,13.323993531963445,13.22841306071142,13.266645431518555,2192800
2023-11-27,13.161507606506348,13.266646406066402,13.14239096393269,13.199739980121976,2791500
2023-11-28,13.333551406860352,13.37178377638953,13.065924820156102,13.123272918684075,3638000
2023-11-29,13.476922988891602,13.639410781397633,13.43869062074498,13.467364668972056,4566900
2023-11-30,13.582062721252441,13.639411733240323,13.390900867178877,13.505597979623015,2900000
2023-12-01,13.945269584655762,13.945269584655762,13.410015524518549,13.496038579855918,3039200
2023-12-04,13.897480010986328,14.031293764628954,13.840130998987595,13.878364281341165,4470500
2023-12-05,13.754108428955078,13.89747958728341,13.71587605929875,13.811456527673773,3233800
2023-12-06,13.582062721252441,13.859247637542017,13.572504400665858,13.821015266727304,4509700
2023-12-07,13.620294570922852,13.668085260495564,13.534271511998284,13.620294570922852,2659400
2023-12-08,13.467365264892578,13.71587612460781,13.39090052521583,13.60117810356109,2718900
2023-12-11,13.505598068237305,13.543830439302871,13.390900955040603,13.410016684807573,3400700
2023-12-12,13.276204109191895,13.429133596533763,13.094599659324691,13.410016954850207,4558800
2023-12-13,13.849690437316895,13.849690437316895,13.104158690354886,13.14239106426238,6208600
2023-12-14,14.518754959106445,14.709917707557224,14.15554792472566,14.174663652651814,7358600
2023-12-15,14.623896598815918,14.719477074227049,14.451850466931555,14.56654758434391,7381200
2023-12-18,14.423175811767578,14.614337666120266,14.327594428825423,14.442291541437035,4347300
2023-12-19,14.815057754516602,14.824616075061298,14.480523827705193,14.595221851178307,4400200
2023-12-20,14.345854759216309,14.78904438878873,14.345854759216309,14.740871423195943,10795700
2023-12-21,14.808314323425293,14.856487293246115,14.625258140693742,14.644526777328284,8553700
2023-12-22,14.827583312988281,14.923928330129941,14.740872154384727,14.837217171526389,2675800
2023-12-26,15.029908180236816,15.06844636864469,14.808312907774377,14.808312907774377,3208900
2023-12-27,15.06844711303711,15.126253939093175,15.020274145441766,15.087715748781488,2918700
2023-12-28,15.155157089233398,15.232234387342693,15.039542520303833,15.049177297420359,3091700
2023-12-29,15.001004219055176,15.203329942882368,14.99137036083324,15.203329942882368,3292500
2024-01-02,14.827583312988281,15.087715869976002,14.740872154384727,14.77941034500598,4067800
2024-01-03,14.490373611450195,14.57708477098436,14.278413101347011,14.548181357413956,4564700
2024-01-04,14.307316780090332,14.46146953718707,14.288047226041785,14.442199983138522,3894400
2024-01-05,14.25914478302002,14.51927734859687,14.16279884387424,14.220606591126302,3789800
2024-01-08,14.355488777160645,14.403661743289955,14.172432608456745,14.268778540715369,3119300
2024-01-09,14.307316780090332,14.394027016840065,14.162797881194958,14.210970847493416,2416900
2024-01-10,14.307316780090332,14.3843931586387,14.14352924596932,14.345854969364515,7504700
2024-01-11,14.114624977111816,14.249509099577466,13.941203584025024,14.230240464266895,6935900
2024-01-12,14.008645057678223,14.336220124367093,13.979741645565353,14.210970780114119,2612800
2024-01-16,13.517282485961914,13.85449233033579,13.507648627786045,13.835222776338238,10521800
2024-01-17,13.208977699279785,13.266785445629838,13.122266539166185,13.228246335514498,4477400
2024-01-18,13.26678466796875,13.37276445810483,13.189707371079079,13.363129681140759,3770200
2024-01-19,13.257150650024414,13.286054063748551,12.997017170038315,13.266785427540112,4478000
2024-01-22,13.392033576965332,13.70034001919214,13.218612179462122,13.26678514719971,3623300
2024-01-23,13.55582046508789,13.690704584512005,13.411302487637185,13.623262984211394,3054100
2024-01-24,13.430572509765625,13.835223991011784,13.430572509765625,13.796685798456101,2201300
2024-01-25,13.488378524780273,13.546186265597107,13.276418033549037,13.507648077993508,3117700
2024-01-26,13.363129615783691,13.555820560008188,13.353494838866741,13.46910940540144,2225600
2024-01-29,13.55582046508789,13.55582046508789,13.199341991062974,13.353494745363166,3184300
2024-01-30,13.353495597839355,13.478744948409801,13.305323548162452,13.401668566339211,2419900
2024-01-31,13.305322647094727,13.77741568501157,13.295687870282656,13.401667658746776,5255400
2024-02-01,13.729243278503418,13.835223071280526,13.498014138540864,13.623263485726312,4473800
2024-02-02,13.469109535217285,13.507648643256525,13.305322920165056,13.469109535217285,3799300
2024-02-05,13.170439720153809,13.247516103980221,13.016286952500987,13.237881326296176,4759700
2024-02-06,13.401668548583984,13.401668548583984,13.112631656790732,13.160804625226765,2818900
2024-02-07,13.738877296447754,13.912298682424316,13.594358402840596,13.777415484311753,5565200
2024-02-08,13.661800384521484,13.719607204637244,13.56545445923143,13.690703794579365,3019400
2024-02-09,13.864128112792969,13.902666304760041,13.632898042167565,13.661802375260098,5095200
2024-02-12,14.104990005493164,14.23023934100554,13.835221781855969,13.883394744564242,6203300
2024-02-13,13.603995323181152,13.825590627434504,13.517284157117798,13.652168295307796,5693400
2024-02-14,13.979741096496582,13.989375873096758,13.738877194429403,13.806318792984895,3820100
2024-02-15,14.191701889038086,14.28804782567842,14.027915266866234,14.085722093792077,4258600
2024-02-16,13.979741096496582,14.133893846807918,13.921933355718396,13.999009730874064,5313000
2024-02-20,13.787052154541016,13.912300593183879,13.719609627399088,13.835224206869963,4391700
2024-02-21,13.632896423339844,13.681069387284166,13.526916637720626,13.565454825111512,3308500
2024-02-22,13.324591636657715,13.613628516955128,13.324591636657715,13.603993739886535,3380900
2024-02-23,13.180073738098145,13.314956942607798,13.151169406712146,13.295688307173384,4172100
2024-02-26,13.189706802368164,13.295687506757494,13.074092240253057,13.131899980722043,4601700
2024-02-27,13.324591636657715,13.363129826109175,13.228245703617604,13.31495685958912,3315200
2024-02-28,13.180073738098145,13.372764686556877,13.160804183840813,13.266784894610305,3052400
2024-02-29,13.401668548583984,13.584725644876324,13.286053975631274,13.430571962116424,3053100
2024-03-01,13.613627433776855,13.671434253943149,13.363128762862013,13.449839911934292,2745000
2024-03-04,13.401668548583984,13.603994280956966,13.334226944067307,13.603994280956966,3810500
2024-03-05,13.363129615783691,13.488378959235337,13.295688015010843,13.314956650021841,2206300
2024-03-06,13.565455436706543,13.652166591951099,13.4305713153458,13.58472499068218,2503900
2024-03-07,13.748513221740723,13.7870514128244,13.62326387101303,13.65216728462005,2398400
2024-03-08,13.815953254699707,14.008644188197175,13.796683701938537,13.83522188863803,3690200
2024-03-11,13.796684265136719,14.008644760047853,13.758146076864048,13.83522245340939,2701700
2024-03-12,13.430572509765625,13.70997463550007,13.372765680343596,13.690705998633723,3744700
2024-03-13,13.199342727661133,13.40166845867678,13.180074091709756,13.372765045338243,3167800
2024-03-14,13.01628589630127,13.334226183491857,12.929574741826945,13.305322771608049,3319600
2024-03-15,12.929574012756348,13.054823348954177,12.862132415889379,13.016285162341218,3633200
2024-03-18,12.997015953063965,13.064458470535918,12.871766613556474,12.968112542046196,2841900
2024-03-19,12.929574012756348,12.968112199369306,12.871766273425484,12.910304460038445,1883100
2024-03-20,13.218611717224121,13.286053318404637,12.881401873675733,12.919940062753586,3665000
2024-03-21,13.237878799438477,13.40166631351144,13.170437206169419,13.247513575283426,2799200
2024-03-22,13.189706802368164,13.286052730208853,13.141534757270684,13.286052730208853,2507600
2024-03-25,13.074091911315918,13.276417619632666,13.074091911315918,13.189706470522225,3223500
2024-03-26,12.977746963500977,13.180072672734099,12.977746963500977,13.102996299580798,4266800
2024-03-27,13.478745460510254,13.488380238340872,13.016287150516458,13.025921928347074,6162700
2024-03-28,13.469109535217285,13.632897069092424,13.430571346000953,13.488379089236906,2876900
2024-04-01,13.45947551727295,13.584724860445107,13.392032997827698,13.498013706031852,3284300
2024-04-02,13.237878799438477,13.40166631351144,13.180071982014368,13.40166631351144,5033400
2024-04-03,13.324591636657715,13.324591636657715,13.054824310497487,13.17043887885187,3256200
2024-04-04,13.314957618713379,13.681070898786892,13.295688982300543,13.469110385307918,2692000
2024-04-05,13.170439720153809,13.266785659348308,13.093363336327398,13.199343134382971,3232000
2024-04-08,13.26678466796875,13.39203309321007,13.218611701971295,13.237880337076534,3910400
2024-04-09,13.681070327758789,13.681070327758789,13.420937774693801,13.440206410302391,4226000
2024-04-10,13.305322647094727,13.363129470321379,13.151168974570247,13.237880128233114,4699200
2024-04-11,13.372764587402344,13.52691734502634,13.189707498606666,13.45947574327157,3405000
2024-04-12,13.035554885864258,13.392033371537497,13.006651473194244,13.228245835035885,5430300
2024-04-15,12.746517181396484,13.083727009836515,12.727248547132323,13.04518882248533,5572200
2024-04-16,12.582731246948242,12.707979673418276,12.5345582804782,12.669441484006823,4998100
2024-04-17,12.68871021270752,12.794689996989167,12.573095651994038,12.630902472939352,3401000
2024-04-18,12.621269226074219,12.891036547459732,12.58273103730486,12.688710826714873,3552200
2024-04-19,12.54419231414795,12.659806875530801,12.524922761172713,12.573095724787947,5872400
2024-04-22,12.65017318725586,12.707980013508603,12.476750870851752,12.573096806370241,4284600
2024-04-23,12.775422096252441,12.871767109632417,12.61163456280129,12.61163456280129,3888000
2024-04-24,12.659808158874512,12.833229559117347,12.61163519037591,12.717614986014473,3456200
2024-04-25,12.601999282836914,12.621268836037553,12.390038791744233,12.524922907680097,3114200
2024-04-26,12.746517181396484,12.823594474921721,12.630902619342924,12.69834513632465,2377300
2024-04-29,12.939209938049316,12.987381986475807,12.86213355797942,12.86213355797942,2497900
2024-04-30,12.746517181396484,12.852497885729395,12.727248547132323,12.794690145291185,2345900
2024-05-01,12.765785217285156,13.045187272080373,12.698343627141648,12.698343627141648,2715200
2024-05-02,13.025920867919922,13.04518950318953,12.804325589970505,12.891036745741019,2173000
2024-05-03,13.343860626220703,13.478743824182498,13.208976509436033,13.208976509436033,3960400
2024-05-06,13.401668548583984,13.449841517020019,13.363130357599747,13.392033771132187,1476700
2024-05-07,13.449840545654297,13.53655169881217,13.40166758069738,13.40166758069738,1276600
2024-05-08,13.343860626220703,13.382398814041625,13.257149473917906,13.324591072898803,3323400
2024-05-09,13.440206527709961,13.440206527709961,13.25715035312609,13.266785130426014,1946600
2024-05-10,13.33422565460205,13.603992965404288,13.33422565460205,13.507647956672063,2049400
2024-05-13,13.372764587402344,13.469109601505885,13.305322985647575,13.305322985647575,1261000
2024-05-14,13.594358444213867,13.748512114961898,13.469109103568963,13.61362799761595,4421300
2024-05-15,13.767781257629395,13.902665379953126,13.66180146647548,13.854492413493015,3650500
2024-05-16,13.729243278503418,13.912299451268044,13.729243278503418,13.77741624570135,2362500
2024-05-17,13.642531394958496,13.777415512166641,13.61362798370778,13.777415512166641,1537900
2024-05-20,13.632896423339844,13.64253119989328,13.57508960166495,13.603993012502396,1474700
2024-05-21,13.748513221740723,13.758147080394428,13.546187488845675,13.546187488845675,2149900
2024-05-22,14.24950885772705,14.365123424096945,13.690704660861119,13.690704660861119,5753300
2024-05-23,14.037549018859863,14.259144303920484,13.989376969728498,14.259144303920484,4021100
2024-05-24,14.374757766723633,14.413295954349318,14.047182712493873,14.056817489106011,4817000
2024-05-28,14.528911590576172,14.673429575143304,14.451835209630644,14.538546367900098,3422300
2024-05-29,14.288047790527344,14.403662362917546,14.230240963743718,14.326585981324078,2529200
2024-05-30,14.490373611450195,14.490373611450195,14.297682656275915,14.451835420415339,1597100
2024-05-31,14.422930717468262,14.596352102210169,14.249508413903486,14.461468905057894,3376700
2024-06-03,14.528911590576172,14.692699129791155,14.500008177427333,14.625257526169552,3427800
2024-06-04,14.394026756286621,14.471104052262685,14.32658515598332,14.451834498562945,3413700
2024-06-05,14.509642601013184,14.577084202990594,14.355488924057381,14.374758478235451,1999600
2024-06-06,14.365124702453613,14.45183586465321,14.316951732473507,14.365124702453613,1720100
2024-06-07,13.99901008605957,14.259143547927255,13.99901008605957,14.17243239397136,3367000
2024-06-10,14.239874839782715,14.26877917203291,13.902665899603642,13.94120409044762,1898300
2024-06-11,14.284482955932617,14.313576256025753,14.080835404260277,14.168112530049878,2663300
2024-06-12,14.420248985290527,14.691779980336506,14.391156609885943,14.58510732063307,2687600
2024-06-13,14.226297378540039,14.449340450644009,14.158414865261419,14.400853469633498,2449200
2024-06-14,13.906277656555176,14.139018480764761,13.896579891005652,14.109926108946018,2341700
2024-06-17,13.692933082580566,13.886883792707499,13.586260423218237,13.867489184109774,3446800
2024-06-18,13.71232795715332,13.751118097314905,13.625049910582284,13.673537816991736,2014400
2024-06-20,13.528074264526367,13.634747844908127,13.450493983246854,13.634747844908127,2843200
2024-06-21,13.489283561706543,13.595957137642568,13.460191188646656,13.52807370072968,2814500
2024-06-24,13.625049591064453,13.702629869568305,13.48928364126778,13.498981407288229,1791900
2024-06-25,13.372913360595703,13.528073919193933,13.363215594475845,13.498981545664234,1773400
2024-06-26,13.295332908630371,13.314727515788332,13.21775263033879,13.305030674624286,2056300
2024-06-27,13.353519439697266,13.37291404810419,13.178963339885298,13.188661106503725,2792800
2024-06-28,12.917129516601562,13.295334100808617,12.878339373977502,13.246846191321053,5170200
2024-07-01,12.907432556152344,13.081987733944233,12.888037022603276,12.994709682633317,3762900
2024-07-02,12.858943939208984,13.01410449973997,12.781363658943492,12.858943939208984,2154900
2024-07-03,13.178963661193848,13.227451570638209,12.936525038801996,12.955919647681771,4990500
2024-07-05,13.198357582092285,13.314728003794821,13.12077730095726,13.14987060000532,2619900
2024-07-08,13.285635948181152,13.314728323096979,13.140173148772096,13.169265523687923,4240200
2024-07-09,13.285635948181152,13.353519389424648,13.19835789860375,13.256543573265326,3405700
2024-07-10,13.440796852111816,13.469890152589056,13.314728657866958,13.343821958344195,2504600
2024-07-11,13.80930233001709,13.838395627675435,13.683234147987163,13.770512191302485,4970500
2024-07-12,13.974161148071289,14.022649054397586,13.84809296155487,13.857790727786108,2413800
2024-07-15,13.431099891662598,13.595958226926552,13.372914216051226,13.55716715996568,5458300
2024-07-16,13.663840293884277,13.663840293884277,13.382611541501014,13.41170391593241,4398700
2024-07-17,13.382611274719238,13.576561975112003,13.343821134640685,13.469889321103455,2973200
2024-07-18,13.334124565124512,13.615353337141212,13.285636654467154,13.450494995804183,4533200
2024-07-19,13.25654411315918,13.42140245244619,13.25654411315918,13.382612309368655,2875800
2024-07-22,13.411705017089844,13.469890695559837,13.305032352196507,13.421402784306506,2659000
2024-07-23,13.314726829528809,13.421400400304028,13.285634457876395,13.30502998886455,1761600
2024-07-24,13.498982429504395,13.64444523150688,13.40200661161611,13.40200661161611,6424900
2024-07-25,13.50868034362793,13.683235522969179,13.450494667294214,13.479587043046095,2745500
2024-07-26,13.683235168457031,13.7511186098926,13.56686474363453,13.605654885242032,2195500
2024-07-29,13.566864013671875,13.722024571753488,13.508679266806208,13.683234432233085,2408900
2024-07-30,13.50868034362793,13.6153530046048,13.450494667294214,13.576562861992308,4371900
2024-07-31,13.722024917602539,13.848093105428735,13.595957654606245,13.595957654606245,4077800
2024-08-01,13.55716609954834,13.819000232074401,13.498981353318015,13.663839675687047,3210100
2024-08-02,13.518377304077148,13.692933409777428,13.421402409111407,13.44079701817257,2669200
2024-08-05,13.072290420532227,13.246846529207872,12.83954955885135,12.858945093073077,4834800
2024-08-06,13.140172004699707,13.266240184798505,13.033498431246194,13.091684100841732,2064600
2024-08-07,13.266241073608398,13.566864432975251,13.237147774446518,13.411703870098178,2486200
2024-08-08,13.489283561706543,13.52807370072968,13.295332866590858,13.295332866590858,2538400
2024-08-09,13.431099891662598,13.469890033793531,13.295333931789358,13.460192267053312,1230900
2024-08-12,13.402005195617676,13.450493099438795,13.36321505752675,13.382610588987134,2187000
2024-08-13,13.731721878051758,13.751117409577462,13.498981048722369,13.498981048722369,2549700
2024-08-14,13.634747505187988,13.770512531629496,13.615351972936413,13.770512531629496,2214800
2024-08-15,13.760815620422363,13.819001295962114,13.673538494357645,13.722025478339177,1876300
2024-08-16,13.741419792175293,13.770512164948103,13.644443983159448,13.712327419402483,902600
2024-08-19,13.935371398925781,13.983859306612382,13.780210834192594,13.780210834192594,1581900
2024-08-20,13.780210494995117,13.925673289644461,13.731722588502038,13.848093009187492,2309200
2024-08-21,13.838397026062012,13.86748940183032,13.770513582829357,13.770513582829357,2323800
2024-08-22,13.625049591064453,13.838395819364978,13.595957217832977,13.780210148072156,1238500
2024-08-23,14.012951850891113,14.022649617511789,13.70263071766892,13.731723092701019,3276800
2024-08-26,13.974161148071289,14.129321708451528,13.964463381840051,14.061439194492646,2111700
2024-08-27,13.915976524353027,13.9450688984761,13.819000710836251,13.886883225400055,1130500
2024-08-28,13.838397026062012,13.96446429600133,13.780211349695444,13.86748940183032,993100
2024-08-29,13.751117706298828,13.877185889446674,13.741419940326718,13.84809259153034,2230300
2024-08-30,13.85779094696045,13.877186479729684,13.760815132774088,13.819000806251886,1744500
2024-09-03,13.489283561706543,13.81900020581814,13.450493422683406,13.731722161808616,3151000
2024-09-04,13.663840293884277,13.712328201156545,13.537772104908344,13.537772104908344,2233000
2024-09-05,13.751117706298828,13.867488123474562,13.70262980126814,13.809302452471762,1735100
2024-09-06,13.469888687133789,13.751117420674545,13.460190921363111,13.712327282421677,1945900
2024-09-09,13.450492858886719,13.557165505521542,13.431098252603034,13.53777089923786,2508700
2024-09-10,13.46019172668457,13.46019172668457,13.32442577226175,13.431099352461787,1416900
2024-09-11,13.935371398925781,13.935371398925781,13.673538177146005,13.702630551826,4343300
2024-09-12,13.838397026062012,13.896581777598627,13.760815815963271,13.877187168696405,1550400
2024-09-13,14.012951850891113,14.051741992543887,13.94506933420624,13.94506933420624,1875400
2024-09-16,14.109928131103516,14.14871827403097,13.964464401503092,13.993557702321151,1816500
2024-09-17,14.216599464416504,14.265087369752155,14.09053128047576,14.100229046508865,2245000
2024-09-18,14.168111801147461,14.478433845699655,14.139019427380967,14.168111801147461,2909200
2024-09-19,14.090531349182129,14.400853389945524,14.06143897577083,14.400853389945524,2651800
2024-09-20,13.935371398925781,14.003253914789072,13.886883491239182,13.964463773605775,2316900
2024-09-23,14.042043685913086,14.051741452160817,13.886883125268946,13.98385893808648,1568100
2024-09-24,14.168111801147461,14.226297473510337,14.109927053614472,14.18750733354505,1799800
2024-09-25,14.012951850891113,14.139020042470111,13.99355724247969,14.09053213419666,3359400
2024-09-26,14.245691299438477,14.323272499942178,14.148716417261065,14.187506555097997,1612100
2024-09-27,14.323272705078125,14.439643120255562,14.30387717346696,14.30387717346696,1979700
2024-09-30,14.245691299438477,14.36206263777911,14.168111023764613,14.313574734275486,1305800
2024-10-01,14.06143856048584,14.235994645458113,13.964462752205723,14.197204507112035,1934000
2024-10-02,13.935371398925781,14.09053196365897,13.857791116559188,14.061439588978976,1371800
2024-10-03,13.780210494995117,13.877186307981276,13.751118121031228,13.848093009187492,1178500
2024-10-04,13.731721878051758,13.828697686020593,13.673537133134333,13.809302154494887,2341400
2024-10-07,13.722024917602539,13.828698497594651,13.634747795104312,13.731722683934532,1475000
2024-10-08,13.537771224975586,13.654141639967198,13.508678852435144,13.58625912909622,927200
2024-10-09,13.498982429504395,13.576562713883046,13.43109991188056,13.576562713883046,2570500
2024-10-10,13.169265747070312,13.431099900243861,13.140173371661009,13.431099900243861,2481700
2024-10-11,13.295332908630371,13.314727515788332,13.12077682005938,13.12077682005938,1577700
2024-10-14,13.237147331237793,13.295333002783465,13.178962584521997,13.266240629425566,1638600
2024-10-15,12.975314140319824,13.188660369859248,12.96561637424306,13.188660369859248,2698200
2024-10-16,13.140172004699707,13.14986977043727,13.014103824600909,13.05289396272132,3108300
2024-10-17,13.004406929016113,13.140172883936867,13.004406929016113,13.111080509607387,2186500
2024-10-18,13.033498764038086,13.091684435119314,13.004406390912406,13.062592061993634,3130800
2024-10-21,12.946222305297852,13.052894962088688,12.897734397727502,12.994709288038287,2016500
2024-10-22,12.917129516601562,12.955919659225623,12.86864253194395,12.878339373977502,1992800
2024-10-23,12.694085121154785,12.829850143950116,12.655294982523284,12.752269866687111,2906900
2024-10-24,12.723176956176758,12.761967093168797,12.664992213103606,12.732874721632223,2056500
2024-10-25,12.761968612670898,12.84924666250219,12.703783862669987,12.752270846060771,3412300
2024-10-28,12.888035774230957,12.96561605125269,12.829850104049731,12.858943401555269,2121800
2024-10-29,12.664994239807129,12.81045704559737,12.655296472799789,12.80075927859003,4420300
2024-10-30,12.713479995727539,12.761967901245255,12.529227064556071,12.577714970073787,4119000
2024-10-31,12.70378303527832,12.752270015511169,12.635899598258572,12.67468973734277,3167300
2024-11-01,12.752270698547363,12.878338888530932,12.703783715717458,12.71348055738549,3425100
2024-11-04,13.043196678161621,13.159567096815888,12.946221791698004,12.946221791698004,7489800
2024-11-05,13.09168529510498,13.101383061727203,12.849246678528962,12.868642211773409,3877300
2024-11-06,12.131628036499023,12.199510550067272,11.898887197267982,12.024954458229049,14064300
2024-11-07,12.286787986755371,12.315880359009258,12.180115338604564,12.267392455366222,5842700
2024-11-08,12.005559921264648,12.112232575331653,11.927979641065031,12.073442435231843,5469200
2024-11-11,11.957072257995605,12.015257931743063,11.918282117107271,11.98616463245438,4677500
2024-11-12,11.646750450134277,11.840701143239498,11.598262545650508,11.801911004618454,6518400
2024-11-13,11.60796070098877,11.675843214645758,11.559472794878113,11.617657542346992,3486800
2024-11-14,11.840702056884766,11.937677873335096,11.607961207199887,11.607961207199887,5777800
2024-11-15,11.724331855773926,11.927980334341832,11.714634088977848,11.831004516040945,5952200
2024-11-18,11.772818565368652,11.801910937962662,11.646750384354812,11.646750384354812,3102500
2024-11-19,11.69523811340332,11.753422857719897,11.675842582077903,11.69523811340332,2803900
2024-11-20,11.71463394165039,11.71463394165039,11.617658124569106,11.637053657917336,2948900
2024-11-21,11.656449317932129,11.753424211237272,11.646751551152631,11.666146159881682,2642200
2024-11-22,11.753423690795898,11.753423690795898,11.607960894864302,11.627355502734561,5269100
2024-11-25,11.96677017211914,12.034652688304057,11.869794356286473,11.879492122835725,8666000
2024-11-26,11.879491806030273,11.94737432040488,11.811609291655667,11.889189572320902,2966700
2024-11-27,11.976468086242676,12.063745211771604,11.957072552905183,11.957072552905183,2486300
2024-11-29,12.015257835388184,12.034652443261864,11.908584255178287,11.918282021530077,1644000
2024-12-02,12.054048538208008,12.083140913790448,11.937678111048301,11.97646825343487,2541100
2024-12-03,11.96677017211914,12.034652688304057,11.927980030752058,11.995862546936973,4824800
2024-12-04,11.772818565368652,11.898886746382493,11.753423033752746,11.86009568315068,4471500
2024-12-05,11.782515525817871,11.898886867033578,11.753423152928875,11.821305664613154,3891100
2024-12-06,11.734028816223145,11.879491608848522,11.714633283963826,11.821305936900442,3761600
2024-12-09,11.96677017211914,12.112232971038223,11.850399748017892,11.850399748017892,4993800
2024-12-10,11.811610221862793,11.860097207474668,11.753424544366586,11.84070259819591,2972800
2024-12-11,11.811610221862793,11.821307064087186,11.656449648312865,11.811610221862793,3342000
2024-12-12,11.617657661437988,11.763121381261088,11.617657661437988,11.734029007228427,4206200
2024-12-13,11.617657661437988,11.637053194013026,11.549775147085146,11.598263053692845,3311500
2024-12-16,11.452800750732422,11.578868018566665,11.44310298402827,11.530381034705773,3489100
2024-12-17,11.515470504760742,11.59380696257455,11.427341756259148,11.44692540379048,3862000
2024-12-18,11.153162956237793,11.574221138310977,11.133578376965295,11.486092399273012,5501300
2024-12-19,11.113994598388672,11.221706981564575,11.094410019350802,11.202122402526705,3845600
2024-12-20,11.280460357666016,11.349004520091041,11.055242356514373,11.055242356514373,5758600
2024-12-23,11.358797073364258,11.358797073364258,11.260876038621179,11.260876038621179,4111300
2024-12-24,11.397964477539062,11.427340412303312,11.26087522556568,11.270667515101808,1680200
2024-12-26,11.358797073364258,11.427341237377897,11.270668328864325,11.270668328864325,1760300
2024-12-27,11.290250778198242,11.33921129037762,11.221706621453572,11.309835356607632,2294500
2024-12-30,11.192331314086914,11.211914959748247,11.104202574000537,11.211914959748247,3150900
2024-12-31,11.143370628356934,11.251083012453583,11.113994693393145,11.211914787887153,2964600
2025-01-02,11.358797073364258,11.407756656891602,11.172747294121246,11.19233187460754,2228400
2025-01-03,11.407756805419922,11.446925033058283,11.368588577781562,11.417549095790564,2839000
2025-01-06,11.476301193237305,11.632974094085188,11.476301193237305,11.505677128685244,3358800
2025-01-07,11.57422161102295,11.701518579960807,11.53505338472239,11.554637964794757,2972800
2025-01-08,11.290250778198242,11.368587224147607,11.221706621453572,11.368587224147607,1928100
2025-01-10,10.986698150634766,11.221707507028922,10.90836169850338,11.221707507028922,3655000
2025-01-13,10.937737464904785,10.947529754730335,10.800648208879561,10.908361529272293,4535300
2025-01-14,11.006281852722168,11.09441059527923,10.976905916484538,11.006281852722168,3787000
2025-01-15,11.133578300476074,11.260875263340349,11.104202365613283,11.251082973771373,4961900
2025-01-16,11.162954330444336,11.192331199401542,11.074826525105134,11.113994749870603,2723400
2025-01-17,11.202122688293457,11.260875493061727,11.1335785276006,11.1335785276006,2144600
2025-01-21,11.09441089630127,11.14337141392187,11.05524266897363,11.11399547688719,3154300
2025-01-22,10.810441017150879,10.97690621679191,10.800648726855712,10.967113926496744,2754700
2025-01-23,10.957321166992188,10.957321166992188,10.741896392788545,10.781064618447767,2732800
2025-01-24,10.937737464904785,11.006281625995317,10.918152885253686,10.927945175079236,2525600
2025-01-27,10.90836238861084,10.976906555101143,10.820233640926606,10.869194160067206,3936400
2025-01-28,10.839816093444824,10.967113055641237,10.781064224027482,10.957320766123637,2296600
2025-01-29,10.976905822753906,11.104202790488891,10.937737596823462,10.986698112697558,2703600
2025-01-30,11.172747611999512,11.231500421285789,11.09441115551396,11.10420344603571,3008100
2025-01-31,11.133578300476074,11.260875263340349,11.104202365613283,11.182538814476816,3267200
2025-02-03,11.006281852722168,11.09441059527923,10.849608947662578,10.849608947662578,2372700
2025-02-04,11.133578300476074,11.231499328477556,11.016073627180775,11.055241851612541,5605200
2025-02-05,11.182538986206055,11.300043661305862,11.162954406767346,11.241290856833885,2208900
2025-02-06,11.192331314086914,11.260875474667808,11.113994863753279,11.162954444828689,1503900
2025-02-07,11.016074180603027,11.192331666322813,10.97690595420354,11.143371149862409,2666000
2025-02-10,10.996489524841309,10.996489524841309,10.947529942561854,10.996489524841309,1760100
2025-02-11,10.888777732849121,10.96711418939993,10.878985442319214,10.94753054218434,2423500
2025-02-12,10.869193077087402,10.91815265750556,10.771272048562812,10.800647983582534,2038600
2025-02-13,10.986698150634766,10.99648950676806,10.869193472437688,10.869193472437688,1941000
2025-02-14,11.09441089630127,11.11399547688719,11.03565902223191,11.04545037868067,1807000
2025-02-18,11.113994598388672,11.133578243582415,11.016073570887576,11.035658149925446,1896900
2025-02-19,11.153162956237793,11.260875340704116,11.153162956237793,11.162954312029903,2479800
2025-02-20,11.280460357666016,11.290251713838037,11.143371098971791,11.20212297138062,2284800
2025-02-21,11.123786926269531,11.349004935668193,11.06503505170933,11.349004935668193,2225400
2025-02-24,11.162954330444336,11.231499424167012,11.113994749870603,11.172746620096738,2087400
2025-02-25,11.270668029785156,11.339212191979902,11.211915223729537,11.231499803696135,1936900
2025-02-26,11.309835433959961,11.476300616201904,11.300043144688292,11.358795946474197,1843000
2025-02-27,10.967113494873047,11.241291075437728,10.957321204963266,11.241291075437728,1664600
2025-02-28,10.878984451293945,10.976905479984415,10.790856646085487,10.967113190346542,2244800
2025-03-03,10.712518692016602,10.918152094234228,10.643974535892088,10.89856844984612,2144300
2025-03-04,10.898569107055664,10.986697846726747,10.643975177749015,10.683143402731258,4302800
2025-03-05,11.055241584777832,11.074826163443078,10.918152335653437,10.947529203651305,2712300
2025-03-06,11.035658836364746,11.074827063032698,10.957321449184656,10.996489675852608,1818800
2025-03-07,11.280460357666016,11.30983629387043,11.084618292718787,11.084618292718787,2515300
2025-03-10,11.211915016174316,11.339211982068157,11.143370855248461,11.1825390806124,3265100
2025-03-11,11.339212417602539,11.378380644470914,11.221707736997416,11.309836480912306,1892800
2025-03-12,11.251083374023438,11.28046024377543,11.192331502207784,11.28046024377543,2087900
2025-03-13,11.251083374023438,11.290251599848595,11.182539212290452,11.182539212290452,1605400
2025-03-14,11.339212417602539,11.397965224827196,11.319628771090446,11.358796997958821,1413300
2025-03-17,11.61338996887207,11.6525581956163,11.339212381662467,11.368588318259592,1530200
2025-03-18,11.544844627380371,11.593805139275288,11.495884115485453,11.593805139275288,1828000
2025-03-19,11.603598594665527,11.65255817763713,11.525262141297937,11.535053497585746,1274800
2025-03-20,11.544844627380371,11.623181072874601,11.495884115485453,11.554636916528173,1241800
2025-03-21,11.476301193237305,11.495884838921215,11.437132968025333,11.476301193237305,1808900
2025-03-24,11.339212417602539,11.505677615254177,11.329420127424397,11.476301678563944,1853400
2025-03-25,11.4371337890625,11.48609337370901,11.39796556103876,11.39796556103876,2222100
2025-03-26,11.290250778198242,11.427340025531679,11.231498910658267,11.35879586878701,1551100
2025-03-27,11.290250778198242,11.35879586878701,11.221706621453572,11.221706621453572,1628200
2025-03-28,11.290250778198242,11.309835356607632,11.231498910658267,11.290250778198242,1170700
2025-03-31,11.182538986206055,11.21191492151997,11.00628150663427,11.133578471453431,1756600
2025-04-01,11.251083374023438,11.260875663940768,11.113995050557469,11.192331502207784,3383500
2025-04-02,11.309835433959961,11.339211367930861,11.211914408931486,11.241290342902387,920200
2025-04-03,11.446924209594727,11.593805753055438,11.388172339285754,11.407755984774031,2573000
2025-04-04,10.859400749206543,11.133578320727626,10.800647945529958,11.104202385811401,4118800
2025-04-07,10.526471138000488,10.878985184112405,10.39917416566569,10.48730291065472,3519800
2025-04-08,10.340421676635742,10.800648087118319,10.25229293688763,10.800648087118319,3075600
2025-04-09,10.859400749206543,10.927944908625781,10.242500512901007,10.340421541080602,5375700
2025-04-10,10.683143615722656,10.790856936954428,10.487302486906929,10.643975389959511,2091000
2025-04-11,11.055241584777832,11.065033874110455,10.75168715237528,10.800647665194287,2996800
2025-04-14,11.153162956237793,11.21191482636701,11.025865992498971,11.04544963792733,2284300
2025-04-15,11.133578300476074,11.241290684202399,11.1237860109071,11.19233110404579,1652200
2025-04-16,11.08461856842041,11.22170783052438,11.016074404290523,11.065034921745099,1922500
2025-04-17,11.280460357666016,11.300044003854234,11.113995162767376,11.123786518939397,1593200
2025-04-21,11.231499671936035,11.300043833326669,11.153163220676978,11.280460187433984,2000500
2025-04-22,11.466507911682129,11.554636644247442,11.329418668375636,11.329418668375636,1699300
2025-04-23,11.251083374023438,11.407756277324069,11.231499728032942,11.309836179683257,1518400
2025-04-24,11.495884895324707,11.505677185136781,11.368587929300192,11.368587929300192,1334200
2025-04-25,11.603598594665527,11.623182241085331,11.417548817534362,11.417548817534362,1538000
2025-04-28,11.681934356689453,11.711310291502768,11.60359790795786,11.613389263666212,1701800
2025-04-29,11.67214298248291,11.730894856716946,11.642767045365893,11.652558401842096,880100
2025-04-30,11.525261878967285,11.544845524941339,11.378380331863138,11.495885009239958,1848900
2025-05-01,11.495884895324707,11.62318186134922,11.495884895324707,11.584013635945075,1434700
2025-05-02,11.593806266784668,11.662350429797087,11.564430330328516,11.60359855688478,1503500
2025-05-05,11.515470504760742,11.662351129700573,11.515470504760742,11.64276748216924,1269300
2025-05-06,11.623181343078613,11.70151779039393,11.584013119420954,11.603597698171841,2011800
2025-05-07,11.57422161102295,11.632974417395873,11.53505338472239,11.57422161102295,1424900
2025-05-08,11.711310386657715,11.730894032077666,11.574221133341505,11.632973937289634,2172000
2025-05-09,11.926736831665039,11.936528188062363,11.770063923177517,11.809232150299398,1592100
2025-05-12,12.093201637268066,12.191121734967481,11.995280605724487,12.132369863116665,3587900
2025-05-13,12.543636322021484,12.661140996012929,12.338002909075422,12.386962489522087,3869100
2025-05-14,12.661141395568848,12.69051733153271,12.563220363897084,12.582804943769103,3522200
2025-05-15,12.72968578338623,12.808022236576457,12.582805167115602,12.621973393710714,2736300
2025-05-16,12.69051742553711,12.778646167925672,12.612180973157091,12.778646167925672,1719300
2025-05-19,12.563220024108887,12.602388248949405,12.465298995085522,12.553427734437722,1908200
2025-05-20,12.719892501831055,12.78843759341293,12.670931988942318,12.670931988942318,1473800
2025-05-21,12.514260292053223,12.612181327199115,12.484884355047134,12.602389036915687,1636500
2025-05-22,12.200913429260254,12.240081653196718,12.073616468005714,12.220497074306426,3123700
2025-05-23,12.289043426513672,12.328211654465862,12.054034058800527,12.073617705854513,4105200
2025-05-27,12.347795486450195,12.406548296180517,12.318419548507148,12.367380067641713,1300800
2025-05-28,12.298834800720215,12.347794381629885,12.269457931561437,12.318418446315254,1847300
2025-05-29,12.347795486450195,12.426131943527805,12.328211839102908,12.367380067641713,1243400
2025-05-30,12.406546592712402,12.48488303903411,12.357586080300312,12.386962014209926,1912100
2025-06-02,12.32820987701416,12.455506832966465,12.289041654709148,12.426129965854646,2786200
2025-06-03,12.533843994140625,12.543636283737726,12.210705908189352,12.259666422330724,2596800
2025-06-04,12.543636322021484,12.612180481722126,12.51425945314052,12.59259590246815,1287900
2025-06-05,12.582804679870605,12.631764260835494,12.504468229713808,12.582804679870605,2662200
2025-06-06,12.68072509765625,12.70030967761485,12.602388645510192,12.621973225468793,1352800
2025-06-09,12.69051742553711,12.759061587908581,12.6513491993471,12.700309715545655,1040100
2025-06-10,12.856983184814453,12.905943703162707,12.8080226664662,12.876566831847226,1726700
2025-06-11,12.96469497680664,13.052823718977269,12.925526750713491,12.935319040697822,4522800
2025-06-12,12.974486351013184,13.013654574341723,12.915733549098322,12.935318127684644,2321400
2025-06-13,13.02344799041748,13.082199863571422,12.778646339972957,12.8276068568307,7836900
2025-06-16,13.171890258789062,13.231267145044772,13.07292752332476,13.152097334184765,2992200
2025-06-17,12.597908020019531,12.677078776578862,12.498946225932942,12.617700945104017,5184900
2025-06-18,12.568220138549805,12.677079343828272,12.54842815635832,12.597908583726362,3957100
2025-06-20,12.498946189880371,12.657285814985082,12.489049727366675,12.657285814985082,2828600
2025-06-23,12.568220138549805,12.578116601534875,12.419776968888367,12.47915385924148,2911800
2025-06-24,12.825522422790527,12.875003793587304,12.637494346297155,12.677079254178846,2830900
2025-06-25,12.766144752502441,12.805729660890872,12.696871398767351,12.776041215544215,3095800
2025-06-26,12.973965644836426,13.013550552881151,12.87500384661394,12.87500384661394,2219300
2025-06-27,12.884900093078613,12.98386188963835,12.795833815529804,12.98386188963835,2442900
2025-06-30,12.973965644836426,13.003655033703959,12.79583403052449,12.82552247561337,3510300
2025-07-01,13.08282470703125,13.161994522256784,12.87500370611956,12.98386196611001,5722500
2025-07-02,13.29064655303955,13.389608356474714,13.132306912520326,13.171891822650132,3992200
2025-07-03,13.686494827270508,13.72607973500822,13.409400473106519,13.409400473106519,3723400
2025-07-07,13.43908977508545,13.567740969382813,13.389608401312817,13.567740969382813,4583300
2025-07-08,13.330230712890625,13.379712083712548,13.2807493420687,13.369815620792433,2072500
2025-07-09,13.458881378173828,13.508361803300431,13.33023019653171,13.350022177826629,2524900
2025-07-10,13.409400939941406,13.439089385833604,13.35991956760196,13.37971249404921,1510400
2025-07-11,13.231267929077148,13.340126189515516,13.1916830213015,13.320334207517016,2249000
2025-07-14,13.25106143951416,13.3401267781051,13.201580066666736,13.25106143951416,1190000
2025-07-15,13.359919548034668,13.448985829359488,13.310438175767693,13.419297383510774,3067100
2025-07-16,13.320333480834961,13.35991838645108,13.241163669602724,13.35991838645108,2753500
2025-07-17,13.300541877746582,13.340126787296057,13.221372058647631,13.231268521979674,2674200
2025-07-18,13.43908977508545,13.51825959561018,13.429193311575181,13.429193311575181,2070900
2025-07-21,13.597429275512695,13.676599095218666,13.518259455806726,13.538052382622567,1876100
2025-07-22,13.834938049316406,13.8745239009872,13.686494880665524,13.706287806500923,4866600
2025-07-23,13.795352935791016,13.815145861331379,13.676598213884736,13.815145861331379,3460600
2025-07-24,13.775561332702637,13.825042704135093,13.75576840661819,13.765664869660412,2718300
2025-07-25,13.825042724609375,13.854731170001353,13.735976444654781,13.765664890046757,2406400
2025-07-28,13.656805992126465,13.785457174542087,13.567739716317293,13.785457174542087,4801700
2025-07-29,13.587532997131348,13.63701437106606,13.557844550282004,13.627118851302084,2688000
2025-07-30,13.409400939941406,13.538052130512497,13.369816030825586,13.4687778317258,4484900
2025-07-31,13.270853042602539,13.379712248507294,13.221371671171164,13.340126396339265,3843100
2025-08-01,13.389607429504395,13.508362151672353,13.330230540309733,13.419296817880362,4558300
2025-08-04,13.429192543029785,13.478673913970626,13.379712115867596,13.429192543029785,2071700
2025-08-05,13.448986053466797,13.518259409527692,13.419297607123369,13.448986053466797,2172100
2025-08-06,13.458881378173828,13.518258265837197,13.439088453100295,13.448984915637062,2030400
2025-08-07,13.567740440368652,13.617221812211978,13.50836260540093,13.567740440368652,2167900
2025-08-08,13.547947883605957,13.696392003184371,13.538052363990351,13.637014166597266,2493100
2025-08-11,13.389607429504395,13.508362151672353,13.369815447699052,13.409400355088373,2442200
2025-08-12,13.627118110656738,13.637013629882883,13.439089088680111,13.48857045992547,4590600
2025-08-13,13.656805992126465,13.735975805339368,13.577636178913561,13.58753169773121,2556200
2025-08-14,13.518259048461914,13.528155511571626,13.399504322481388,13.48857060291145,4122000
2025-08-15,13.953693389892578,14.062551648101202,13.54794691377979,13.577636301837382,4513200
2025-08-18,14.339646339416504,15.062072088506044,14.151618262786394,14.151618262786394,5585700
2025-08-19,14.181305885314941,14.300060602159071,13.646909187627054,14.300060602159071,5438300
2025-08-20,14.240684509277344,14.30006139911926,14.151618230735822,14.220891583477606,1897200
2025-08-21,14.032864570617676,14.12193085590822,13.993279659797292,14.102137928608668,5664100
2025-08-22,14.517778396606445,14.527674859187686,14.08234348081804,14.08234348081804,3665600
2025-08-25,14.240684509277344,14.389127677660781,14.240684509277344,14.339646306940086,2687300
2025-08-26,14.240684509277344,14.359439232739822,14.210995120577739,14.28026941709817,4188500
2025-08-27,14.191203117370605,14.28026939577916,14.151618209608875,14.28026939577916,1605300
2025-08-28,14.369336128234863,14.418816556666542,14.240684937999415,14.270373383814157,4602400
2025-08-29,14.240684509277344,14.329749844040217,14.220891583477606,14.2703729541983,2635400
2025-09-02,14.013071060180664,14.10213734176482,13.854731423488245,13.924004778596508,2757800
2025-09-03,14.052655220031738,14.141721496866662,13.508362040090582,14.032863238389883,4976800
2025-09-04,14.181305885314941,14.369334894818762,14.032862725204426,14.092239611737194,3844100
2025-09-05,14.52767562866211,14.58705251973728,13.854731237952391,14.448505811376103,4361900
2025-09-08,14.418816566467285,14.567260683199246,14.359439674797443,14.537571293585648,3493600
2025-09-09,14.240684509277344,14.389127677660781,14.18130667565678,14.359439232739822,1494700
2025-09-10,14.408921241760254,14.537571490043021,14.339646942171045,14.359439868847588,3754700
2025-09-11,14.53757095336914,14.646430158514063,14.418816229029945,14.418816229029945,3599300
2025-09-12,14.478193283081055,14.537570170162414,14.408919933559933,14.41881545222109,3532500
2025-09-15,14.656326293945312,14.695911201173729,14.458400814024596,14.547467091233191,2014600
2025-09-16,14.735496520996094,14.814666337669681,14.676118686601573,14.72560005796723,2539500
2025-09-17,14.903732299804688,15.081863911635317,14.784976633546082,14.834458003857394,4649800
2025-09-18,14.883939743041992,14.95321309692747,14.725600109144525,14.883939743041992,3924900
2025-09-19,15.012591361999512,15.032383344914878,14.913628616086603,14.913628616086603,4020700
2025-09-22,15.200618743896484,15.220411669675414,14.913627926552548,14.953212834331758,3035900
2025-09-23,15.03238296508789,15.24020397123098,14.992798056478668,15.210515525718728,3874600
2025-09-24,14.982902526855469,15.08186432642113,14.913628229002972,14.963109600675136,3094600
2025-09-25,15.002694129943848,15.012590592783802,14.804769592037989,14.87404294436038,2125200
2025-09-26,15.052175521850586,15.081863966634181,14.903732354153961,14.973005706575233,2705400
2025-09-29,15.250100135803223,15.289685043637562,15.151138338106701,15.161033857231299,2713800
2025-09-30,15.319374084472656,15.358959937625482,15.062072645430085,15.220412282926647,4456100
2025-10-01,15.715224266052246,15.764705639168183,15.37875206139831,15.37875206139831,4314200
2025-10-02,15.725120544433594,15.774600973188727,15.626157799365965,15.725120544433594,2728400
2025-10-03,15.81418514251709,15.972524772193667,15.695430420259656,15.7350153276788,2579700
2025-10-06,15.913148880004883,16.05169559276332,15.85377198704518,15.962629309545068,2839900
2025-10-07,15.725120544433594,15.962629056282804,15.695431154646096,15.962629056282804,2775300
2025-10-08,15.84387493133545,15.923044748174586,15.754808651446755,15.80429002291588,1502400
2025-10-09,15.972525596618652,16.101177732094573,15.883459314383744,15.923045167624759,3002000
2025-10-10,15.61626148223877,16.081384878363313,15.566780109241913,15.9824221323696,2850300
2025-10-13,16.20013999938965,16.328790243510266,15.992318051124258,16.031903903196643,3905100
2025-10-14,16.24962043762207,16.38816714485201,15.873564280473387,16.051694952244457,3088700
2025-10-15,16.6949520111084,16.77412182857864,16.457440671140336,16.55640341486747,4651900
2025-10-16,16.615781784057617,16.922564583247908,16.566299469635123,16.793912453306717,6215400
2025-10-17,16.358478546142578,16.497025244079936,16.308996234338384,16.427751895111257,3962000
2025-10-20,16.427753448486328,16.615782476007524,16.398064058596443,16.56630015952438,3598200
2025-10-21,16.17045021057129,16.43764904278228,16.1011768587145,16.40795965446197,4319800
2025-10-22,15.95273494720459,16.14076209201989,15.715224540850697,16.061592271161494,3371500
2025-10-23,16.17045021057129,16.23972356242808,15.92304430390717,15.92304430390717,2518700
2025-10-24,16.526716232299805,16.586093124660184,16.4178570233413,16.51681976898018,4118300
2025-10-27,16.576194763183594,16.635571648744662,16.417855143315965,16.61578061192908,1604900
2025-10-28,16.71474266052246,16.833498327740678,16.64546930779404,16.69495162228384,4450500
2025-10-29,17.14027976989746,17.397582122195065,16.972043689070457,17.00173307541304,5783000
2025-10-30,16.853290557861328,17.05121414497868,16.843394095371877,17.011630182578095,1676900
2025-10-31,17.1204891204834,17.150178510770836,16.882979660856094,16.942358441430965,4080200
2025-11-03,17.417375564575195,17.536129338364052,17.249139478743313,17.268932403560523,6401700
2025-11-04,16.991838455200195,17.298621263766627,16.97204552882627,17.080904736325504,2801500
2025-11-05,17.912189483642578,18.01115223190617,17.288725490872157,17.29862195445426,5201400
2025-11-06,17.585613250732422,17.912188989706614,17.516339895125377,17.892396063088206,3075600
2025-11-07,17.47675323486328,17.50644262341992,17.011630806152994,17.40747988245508,4766700
2025-11-10,17.823122024536133,17.92208476627874,17.635093003980913,17.852811413326105,7738700
2025-11-11,17.575716018676758,17.842914853666063,17.45696035171797,17.842914853666063,1587200
2025-11-12,17.47675323486328,17.694469754940105,17.308517141490235,17.694469754940105,2642300
2025-11-13,16.6949520111084,17.357999940255667,16.546506951739026,17.357999940255667,5232500
2025-11-14,16.843393325805664,17.01162940532526,16.289202777060446,16.338685087246876,2604200
2025-11-17,16.625675201416016,16.902770480210574,16.516817892382964,16.73453439800623,7109200
2025-11-18,16.427753448486328,16.62567705174678,16.338687166374044,16.378271132003185,10769300
2025-11-19,16.388166427612305,16.63557232972777,16.34858246480359,16.34858246480359,1530600
2025-11-20,15.913148880004883,16.774122321928846,15.883459489746333,16.69495250213011,3986200
2025-11-21,15.903252601623535,15.94283845576219,15.467818587664112,15.863668635042295,4390800
2025-11-24,16.120969772338867,16.140760810313832,15.89335490383269,15.903251366598807,1485900
2025-11-25,16.259517669677734,16.774122445953086,15.853772104264548,16.101178028909537,4261700
2025-11-26,16.625675201416016,16.675157512392094,16.328788885788185,16.427751620183184,3124100
2025-11-28,16.813705444335938,16.843394833104668,16.605885385626713,16.665262275606878,4848400
2025-12-01,16.378271102905273,16.675159338604555,16.348583600625503,16.625677022209324,1903200
2025-12-02,16.546506881713867,16.665262551195323,16.467337064578675,16.576196270973565,1355100
2025-12-03,16.467336654663086,16.54650646982753,16.358479338535275,16.497026043183734,1234300
2025-12-04,16.793912887573242,16.823602276994464,16.437649652305293,16.4475461154457,1961500
2025-12-05,16.6949520111084,16.89287561100533,16.23972414498651,16.793912867278195,1849300
2025-12-08,16.526716232299805,16.78401672838057,16.388167633382423,16.72463983602019,1492200
2025-12-09,16.50692367553711,17.318414810356035,16.437650318304872,16.467337821371594,1506200
2025-12-10,16.566299438476562,16.685055105309896,16.318893529501302,16.42775273346875,1345900
2025-12-11,16.863187789916992,16.87308236530077,16.36837596820662,16.48712974838502,3216200
2025-12-12,16.427753448486328,16.892875898083638,16.318894239780786,16.882979434787007,1957700
2025-12-15,16.407960891723633,16.576196996443564,16.368376925202277,16.54650760588449,1552600
2025-12-16,16.246395111083984,16.386019744092515,16.146662415116623,16.286287048125153,1354700
2025-12-17,15.957170486450195,16.35609936816286,15.897330678632557,16.256366672173954,2292400
2025-12-18,16.136688232421875,16.306233237298407,16.08682093555062,16.116741313673373,3517300
2025-12-19,16.395992279052734,16.465804591619044,16.22644727614476,16.24639419466166,2193500
2025-12-22,16.605430603027344,16.635350983300548,16.326181329449458,16.386020187752862,2143700
2025-12-23,16.495725631713867,16.585482964158075,16.39599293736784,16.555564487424316,1477000
2025-12-24,16.53561782836914,16.565538207816758,16.44585859226924,16.495725891348602,2112700
2025-12-26,16.575511932373047,16.60543041005556,16.475779234864365,16.545591552447547,1091400
2025-12-29,16.475778579711914,16.605429749747586,16.376045886169063,16.435884741397608,1838000
2025-12-30,16.40596580505371,16.5655373493524,16.38601888645566,16.5655373493524,1470400
2025-12-31,16.38602066040039,16.445859520429817,16.306234879613466,16.40596758115789,6696900
